Lab.Sample.Name	Date	Compound.Name	DTXSID	Lab.Compound.Name	Sample.Type	Dilution.Factor	Cal	Standard.Conc	Test.Target.Conc	ISTD.Name	ISTD.Conc	IS.Area	Series	Area	Response
20190412_PFAS_PPB_UC_LCSet1_Sample004	041219	PFOA	DTXSID8031865	PFOA	CC	1	041219	0	NA		0.00724515178592991	33936.527	NA	1130	0.000241245119693621
20190412_PFAS_PPB_UC_LCSet1_Sample009	041219	PFOA	DTXSID8031865	PFOA	CC	1	041219	0.000127997681551428	NA		0.00724515178592991	43095.648	NA	2643	0.000444335728986202
20190412_PFAS_PPB_UC_LCSet1_Sample010	041219	PFOA	DTXSID8031865	PFOA	CC	1	041219	0.000205279300601348	NA		0.00724515178592991	45594.133	NA	3824	0.000607654068767927
20190412_PFAS_PPB_UC_LCSet1_Sample011	041219	PFOA	DTXSID8031865	PFOA	CC	1	041219	0.000326031830366846	NA		0.00724515178592991	39393.699	NA	4444	0.00081732498734563
20190412_PFAS_PPB_UC_LCSet1_Sample012	041219	PFOA	DTXSID8031865	PFOA	CC	1	041219	0.000524065979182264	NA		0.00724515178592991	40330.953	NA	6567	0.00117971206329297
20190412_PFAS_PPB_UC_LCSet1_Sample013	041219	PFOA	DTXSID8031865	PFOA	CC	1	041219	0.00083802255657256	NA		0.00724515178592991	37002.961	NA	9346	0.00182993973350676
20190412_PFAS_PPB_UC_LCSet1_Sample014	041219	PFOA	DTXSID8031865	PFOA	CC	1	041219	0.00134035308039703	NA		0.00724515178592991	33587.703	NA	11717	0.00252745605961029
20190412_PFAS_PPB_UC_LCSet1_Sample016	041219	PFOA	DTXSID8031865	PFOA	CC	1	041219	0.00214456492863525	NA		0.00724515178592991	34077.617	NA	20417	0.00434080422974796
20190412_PFAS_PPB_UC_LCSet1_Sample017	041219	PFOA	DTXSID8031865	PFOA	CC	1	041219	0.00342937184534016	NA		0.00724515178592991	34516.16	NA	33291	0.00698798325495631
20190412_PFAS_PPB_UC_LCSet1_Sample018	041219	PFOA	DTXSID8031865	PFOA	CC	1	041219	0.00548699495254426	NA		0.00724515178592991	31222.117	NA	43659	0.0101311542014244
20190412_PFAS_PPB_UC_LCSet1_Sample019	041219	PFOA	DTXSID8031865	PFOA	CC	1	041219	0.00878112396454706	NA		0.00724515178592991	32249.145	NA	70071	0.015742278773341
20190412_PFAS_PPB_UC_LCSet1_Sample020	041219	PFOA	DTXSID8031865	PFOA	CC	1	041219	0.0140483493129181	NA		0.00724515178592991	29909.057	NA	110483	0.0267633347572575
20190412_PFAS_PPB_UC_LCSet1_Sample021	041219	PFOA	DTXSID8031865	PFOA	CC	1	041219	0.0224792909411452	NA		0.00724515178592991	29286.057	NA	189426	0.0468625777174974
20190412_PFAS_PPB_UC_LCSet1_Sample022	041219	PFOA	DTXSID8031865	PFOA	CC	1	041219	0	NA		0.00724515178592991	30696.479	NA	1068	0.000252075233363838
20190412_PFAS_PPB_UC_LCSet1_Sample023	041219	PFOA	DTXSID8031865	PFOA	CC	1	041219	0.0359673485159514	NA		0.00724515178592991	17246.621	NA	155505	0.065326264690981
20190412_PFAS_PPB_UC_LCSet1_Sample024	041219	PFOA	DTXSID8031865	PFOA	CC	1	041219	0.057545825585046	NA		0.00724515178592991	25596.426	NA	362248	0.102535476794672
20190412_PFAS_PPB_UC_LCSet1_Sample025	041219	PFOA	DTXSID8031865	PFOA	CC	1	041219	0.0920738039461927	NA		0.00724515178592991	26240.096	NA	556262	0.153589477063839
20190412_PFAS_PPB_UC_LCSet1_Sample031	041219	PFOA	DTXSID8031865	PFOA	CC	1	041219	0.000127997681551428	NA		0.00724515178592991	40337.648	NA	2490	0.00044723549441865
20190412_PFAS_PPB_UC_LCSet1_Sample032	041219	PFOA	DTXSID8031865	PFOA	CC	1	041219	0.000205279300601348	NA		0.00724515178592991	41827.438	NA	3515	0.000608851742904828
20190412_PFAS_PPB_UC_LCSet1_Sample033	041219	PFOA	DTXSID8031865	PFOA	CC	1	041219	0.000326031830366846	NA		0.00724515178592991	39262.813	NA	4030	0.000743654350423072
20190412_PFAS_PPB_UC_LCSet1_Sample034	041219	PFOA	DTXSID8031865	PFOA	CC	1	041219	0.000524065979182264	NA		0.00724515178592991	41996.398	NA	6938	0.00119693272482039
20190412_PFAS_PPB_UC_LCSet1_Sample035	041219	PFOA	DTXSID8031865	PFOA	CC	1	041219	0.00083802255657256	NA		0.00724515178592991	33172.922	NA	8365	0.00182696280687314
20190412_PFAS_PPB_UC_LCSet1_Sample037	041219	PFOA	DTXSID8031865	PFOA	CC	1	041219	0.00134035308039703	NA		0.00724515178592991	32563.934	NA	11429	0.00254283895064377
20190412_PFAS_PPB_UC_LCSet1_Sample038	041219	PFOA	DTXSID8031865	PFOA	CC	1	041219	0.00214456492863525	NA		0.00724515178592991	33052.711	NA	19279	0.00422595536205617
20190412_PFAS_PPB_UC_LCSet1_Sample039	041219	PFOA	DTXSID8031865	PFOA	CC	1	041219	0.00342937184534016	NA		0.00724515178592991	33616.313	NA	29285	0.00631164607644382
20190412_PFAS_PPB_UC_LCSet1_Sample040	041219	PFOA	DTXSID8031865	PFOA	CC	1	041219	0.00548699495254426	NA		0.00724515178592991	31926.578	NA	41739	0.00947190113493932
20190412_PFAS_PPB_UC_LCSet1_Sample041	041219	PFOA	DTXSID8031865	PFOA	CC	1	041219	0.00878112396454706	NA		0.00724515178592991	29536.564	NA	66034	0.0161977660310148
20190412_PFAS_PPB_UC_LCSet1_Sample042	041219	PFOA	DTXSID8031865	PFOA	CC	1	041219	0.0140483493129181	NA		0.00724515178592991	30004.846	NA	106443	0.0257023712619534
20190412_PFAS_PPB_UC_LCSet1_Sample043	041219	PFOA	DTXSID8031865	PFOA	CC	1	041219	0	NA		0.00724515178592991	28369.928	NA	1252	0.000319737506418213
20190412_PFAS_PPB_UC_LCSet1_Sample044	041219	PFOA	DTXSID8031865	PFOA	CC	1	041219	0.0224792909411452	NA		0.00724515178592991	29153.291	NA	173540	0.0431280173799341
20190412_PFAS_PPB_UC_LCSet1_Sample045	041219	PFOA	DTXSID8031865	PFOA	CC	1	041219	0.0359673485159514	NA		0.00724515178592991	17603.316	NA	151906	0.0625212901474625
20190412_PFAS_PPB_UC_LCSet1_Sample046	041219	PFOA	DTXSID8031865	PFOA	CC	1	041219	0.057545825585046	NA		0.00724515178592991	24985.113	NA	345856	0.100290889862078
20190412_PFAS_PPB_UC_LCSet1_Sample047	041219	PFOA	DTXSID8031865	PFOA	CC	1	041219	0.0920738039461927	NA		0.00724515178592991	25946.98	NA	497768	0.13899130897618
20190412_PFAS_PPB_UC_LCSet1_Sample053	041219	PFOA	DTXSID8031865	PFOA	CC	1	041219	0.000127997681551428	NA		0.00724515178592991	41771.684	NA	2440	0.000423209424778493
20190412_PFAS_PPB_UC_LCSet1_Sample054	041219	PFOA	DTXSID8031865	PFOA	CC	1	041219	0.000205279300601348	NA		0.00724515178592991	41170.504	NA	3550	0.000624726110713903
20190412_PFAS_PPB_UC_LCSet1_Sample055	041219	PFOA	DTXSID8031865	PFOA	CC	1	041219	0.000326031830366846	NA		0.00724515178592991	36285.16	NA	4129	0.000824448113887457
20190412_PFAS_PPB_UC_LCSet1_Sample060	041219	PFOA	DTXSID8031865	PFOA	AF	32	041219	NA	NA		0.00724515178592991	35694.73	2	3857	0.000782876083901788
20190412_PFAS_PPB_UC_LCSet1_Sample061	041219	PFOA	DTXSID8031865	PFOA	AF	32	041219	NA	NA		0.00724515178592991	38869.051	2	3893	0.000725651261787306
20190412_PFAS_PPB_UC_LCSet1_Sample062	041219	PFOA	DTXSID8031865	PFOA	AF	32	041219	NA	NA		0.00724515178592991	33615.594	2	3265	0.000703703780485366
20190412_PFAS_PPB_UC_LCSet1_Sample064	041219	PFOA	DTXSID8031865	PFOA	CC	1	041219	0	NA		0.00724515178592991	29377.371	NA	898	0.000221467955855038
20190412_PFAS_PPB_UC_LCSet1_Sample070	041219	PFOA	DTXSID8031865	PFOA	T1	80	041219	NA	0.0241505059530997		0.00724515178592991	30429.5	2	527389	0.125569376927974
20190412_PFAS_PPB_UC_LCSet1_Sample072	041219	PFOA	DTXSID8031865	PFOA	T1	80	041219	NA	0.0241505059530997		0.00724515178592991	26153.512	2	472838	0.130987497210911
20190412_PFAS_PPB_UC_LCSet1_Sample073	041219	PFOA	DTXSID8031865	PFOA	T1	80	041219	NA	0.0241505059530997		0.00724515178592991	24801.947	2	486333	0.142067733775363
20190412_PFAS_PPB_UC_LCSet1_Sample081	041219	PFOA	DTXSID8031865	PFOA	T5	80	041219	NA	NA		0.00724515178592991	24046	2	454265	0.136871782252161
20190412_PFAS_PPB_UC_LCSet1_Sample082	041219	PFOA	DTXSID8031865	PFOA	T5	80	041219	NA	NA		0.00724515178592991	26111.764	2	466097	0.129326517808853
20190412_PFAS_PPB_UC_LCSet1_Sample083	041219	PFOA	DTXSID8031865	PFOA	T5	80	041219	NA	NA		0.00724515178592991	25086.17	2	485490	0.140214657739747
20190412_PFAS_PPB_UC_LCSet1_Sample085	041219	PFOA	DTXSID8031865	PFOA	CC	1	041219	0	NA		0.00724515178592991	31021.855	NA	918	0.00021439882751962
20190412_PFAS_PPB_UC_LCSet1_Sample088	041219	PFOA	DTXSID8031865	PFOA	CC	1	041219	0	NA		0.00724515178592991	30865.271	NA	1157	0.000271588110025696
20191001_PFAS_Set1_PPB_UC_Sample005	100119	PFOA	DTXSID8031865	PFOA	CC	1	100119	0	NA		0.01	15905.958	NA	1248.642	0.000785015275408121
20191001_PFAS_Set1_PPB_UC_Sample007	100119	PFOA	DTXSID8031865	PFOA	CC	1	100119	0.000230793114754098	NA		0.01	16090.646	NA	1184.853	0.000736361361750175
20191001_PFAS_Set1_PPB_UC_Sample008	100119	PFOA	DTXSID8031865	PFOA	CC	1	100119	0.000380129836065574	NA		0.01	15699.896	NA	1748.922	0.00111397043649206
20191001_PFAS_Set1_PPB_UC_Sample009	100119	PFOA	DTXSID8031865	PFOA	CC	1	100119	0.000597346885245902	NA		0.01	15841.048	NA	2473.678	0.00156156208856889
20191001_PFAS_Set1_PPB_UC_Sample010	100119	PFOA	DTXSID8031865	PFOA	CC	1	100119	0.000963900655737705	NA		0.01	16837.471	NA	3128.924	0.00185830995640616
20191001_PFAS_Set1_PPB_UC_Sample011	100119	PFOA	DTXSID8031865	PFOA	CC	1	100119	0.00154767147540984	NA		0.01	16364.283	NA	4457.235	0.00272375819948848
20191001_PFAS_Set1_PPB_UC_Sample012	100119	PFOA	DTXSID8031865	PFOA	CC	1	100119	0.00247084393442623	NA		0.01	17266.414	NA	6717.406	0.0038904465049894
20191001_PFAS_Set1_PPB_UC_Sample014	100119	PFOA	DTXSID8031865	PFOA	CC	1	100119	0.00395063508196721	NA		0.01	16031.396	NA	10524.817	0.00656512820218526
20191001_PFAS_Set1_PPB_UC_Sample015	100119	PFOA	DTXSID8031865	PFOA	CC	1	100119	0.00632644655737705	NA		0.01	15452.914	NA	15955.239	0.0103250681392519
20191001_PFAS_Set1_PPB_UC_Sample016	100119	PFOA	DTXSID8031865	PFOA	CC	1	100119	0.010114168852459	NA		0.01	15740.824	NA	25244.471	0.0160375791000522
20191001_PFAS_Set1_PPB_UC_Sample017	100119	PFOA	DTXSID8031865	PFOA	CC	1	100119	0.0161826701639344	NA		0.01	15407.582	NA	37571.176	0.0243848619465403
20191001_PFAS_Set1_PPB_UC_Sample018	100119	PFOA	DTXSID8031865	PFOA	CC	1	100119	0.0258895570491803	NA		0.01	14552.612	NA	63428.02	0.0435853165053806
20191001_PFAS_Set1_PPB_UC_Sample019	100119	PFOA	DTXSID8031865	PFOA	CC	1	100119	0.0414341521311475	NA		0.01	15501.458	NA	93501.711	0.0603180107316357
20191001_PFAS_Set1_PPB_UC_Sample020	100119	PFOA	DTXSID8031865	PFOA	CC	1	100119	0	NA		0.01	16741.463	NA	1194.558	0.000713532622567096
20191001_PFAS_Set1_PPB_UC_Sample021	100119	PFOA	DTXSID8031865	PFOA	CC	1	100119	0.0662919281967213	NA		0.01	13666.301	NA	136873.453	0.100153986803013
20191001_PFAS_Set1_PPB_UC_Sample022	100119	PFOA	DTXSID8031865	PFOA	CC	1	100119	0.106069800327869	NA		0.01	13249.906	NA	205258.406	0.15491310353447
20191001_PFAS_Set1_PPB_UC_Sample023	100119	PFOA	DTXSID8031865	PFOA	CC	1	100119	0.169700819672131	NA		0.01	11694.949	NA	278755.719	0.238355651657823
20191001_PFAS_Set1_PPB_UC_Sample024	100119	PFOA	DTXSID8031865	PFOA	CC	1	100119	0.212126024590164	NA		0.01	11913.173	NA	335453.844	0.281582282067087
20191001_PFAS_Set1_PPB_UC_Sample025	100119	PFOA	DTXSID8031865	PFOA	CC	1	100119	0.339401639344262	NA		0.01	10375.99	NA	500666.719	0.482524288284781
20191001_PFAS_Set1_PPB_UC_Sample032	100119	PFOA	DTXSID8031865	PFOA	CC	1	100119	0.000230793114754098	NA		0.01	16954.879	NA	1364.462	0.000804760682750965
20191001_PFAS_Set1_PPB_UC_Sample033	100119	PFOA	DTXSID8031865	PFOA	CC	1	100119	0.000380129836065574	NA		0.01	17551.877	NA	1807.937	0.00103005336694189
20191001_PFAS_Set1_PPB_UC_Sample034	100119	PFOA	DTXSID8031865	PFOA	CC	1	100119	0.000597346885245902	NA		0.01	17207.598	NA	2303.329	0.00133855346922912
20191001_PFAS_Set1_PPB_UC_Sample035	100119	PFOA	DTXSID8031865	PFOA	CC	1	100119	0.000963900655737705	NA		0.01	18050.105	NA	3635.347	0.0020140309433103
20191001_PFAS_Set1_PPB_UC_Sample036	100119	PFOA	DTXSID8031865	PFOA	CC	1	100119	0.00154767147540984	NA		0.01	17304.141	NA	5162.598	0.00298344656345553
20191001_PFAS_Set1_PPB_UC_Sample037	100119	PFOA	DTXSID8031865	PFOA	CC	1	100119	0.00247084393442623	NA		0.01	17337.008	NA	7537.715	0.00434776000564803
20191001_PFAS_Set1_PPB_UC_Sample039	100119	PFOA	DTXSID8031865	PFOA	AF	32	100119	NA	NA		0.01	17195.896	1	2275.066	0.00132302847144458
20191001_PFAS_Set1_PPB_UC_Sample040	100119	PFOA	DTXSID8031865	PFOA	AF	32	100119	NA	NA		0.01	16843.656	1	1356.291	0.000805223640283321
20191001_PFAS_Set1_PPB_UC_Sample041	100119	PFOA	DTXSID8031865	PFOA	AF	32	100119	NA	NA		0.01	16342.992	1	1404.685	0.000859502960045505
20191001_PFAS_Set1_PPB_UC_Sample049	100119	PFOA	DTXSID8031865	PFOA	T1	80	100119	NA	0.0241505059530997		0.01	12965.38	1	294515.188	0.22715507605639
20191001_PFAS_Set1_PPB_UC_Sample050	100119	PFOA	DTXSID8031865	PFOA	T1	80	100119	NA	0.0241505059530997		0.01	12297.869	1	314720.438	0.255914612523519
20191001_PFAS_Set1_PPB_UC_Sample051	100119	PFOA	DTXSID8031865	PFOA	T1	80	100119	NA	0.0241505059530997		0.01	12314.034	1	306353.938	0.248784385360638
20191001_PFAS_Set1_PPB_UC_Sample060	100119	PFOA	DTXSID8031865	PFOA	T5	80	100119	NA	NA		0.01	12194.598	1	287541.781	0.235794391090219
20191001_PFAS_Set1_PPB_UC_Sample061	100119	PFOA	DTXSID8031865	PFOA	T5	80	100119	NA	NA		0.01	11976.753	1	315801.156	0.263678441059943
20191001_PFAS_Set1_PPB_UC_Sample062	100119	PFOA	DTXSID8031865	PFOA	T5	80	100119	NA	NA		0.01	11348.432	1	311289.219	0.27430152376998
20191001_PFAS_Set1_PPB_UC_Sample070	100119	PFOA	DTXSID8031865	PFOA	CC	1	100119	0	NA		0.01	15599.036	NA	967.563	0.000620271021875967
20191001_PFAS_Set1_PPB_UC_Sample072	100119	PFOA	DTXSID8031865	PFOA	CC	1	100119	0.000230793114754098	NA		0.01	19746.258	NA	1602.314	0.000811451972317996
20191001_PFAS_Set1_PPB_UC_Sample073	100119	PFOA	DTXSID8031865	PFOA	CC	1	100119	0.000380129836065574	NA		0.01	21119.846	NA	1965.316	0.000930554133775407
20191001_PFAS_Set1_PPB_UC_Sample074	100119	PFOA	DTXSID8031865	PFOA	CC	1	100119	0.000597346885245902	NA		0.01	21540.4	NA	2806.028	0.00130268147295315
20191001_PFAS_Set1_PPB_UC_Sample075	100119	PFOA	DTXSID8031865	PFOA	CC	1	100119	0.000963900655737705	NA		0.01	20421.773	NA	4284.43	0.00209797161098598
20191001_PFAS_Set1_PPB_UC_Sample076	100119	PFOA	DTXSID8031865	PFOA	CC	1	100119	0.00154767147540984	NA		0.01	19945.654	NA	6193.615	0.00310524538327999
20191001_PFAS_Set1_PPB_UC_Sample077	100119	PFOA	DTXSID8031865	PFOA	CC	1	100119	0.00247084393442623	NA		0.01	20335.572	NA	8998.358	0.00442493478914682
20191001_PFAS_Set1_PPB_UC_Sample079	100119	PFOA	DTXSID8031865	PFOA	CC	1	100119	0.00395063508196721	NA		0.01	21233.637	NA	13544.415	0.00637875414372018
20191001_PFAS_Set1_PPB_UC_Sample080	100119	PFOA	DTXSID8031865	PFOA	CC	1	100119	0.00632644655737705	NA		0.01	20291.215	NA	20383.768	0.0100456123499751
20191001_PFAS_Set1_PPB_UC_Sample081	100119	PFOA	DTXSID8031865	PFOA	CC	1	100119	0.010114168852459	NA		0.01	19284.334	NA	31432.711	0.0162996093098159
20191001_PFAS_Set1_PPB_UC_Sample082	100119	PFOA	DTXSID8031865	PFOA	CC	1	100119	0.0161826701639344	NA		0.01	20329.637	NA	48650.004	0.0239305817413267
20191001_PFAS_Set1_PPB_UC_Sample083	100119	PFOA	DTXSID8031865	PFOA	CC	1	100119	0.0258895570491803	NA		0.01	19945.871	NA	78716.5	0.0394650602122113
20191001_PFAS_Set1_PPB_UC_Sample084	100119	PFOA	DTXSID8031865	PFOA	CC	1	100119	0.0414341521311475	NA		0.01	19402.918	NA	121938.703	0.0628455487983818
20191001_PFAS_Set1_PPB_UC_Sample085	100119	PFOA	DTXSID8031865	PFOA	CC	1	100119	0	NA		0.01	18054.369	NA	1576.558	0.000873227970470749
20191001_PFAS_Set1_PPB_UC_Sample086	100119	PFOA	DTXSID8031865	PFOA	CC	1	100119	0.0662919281967213	NA		0.01	16521.801	NA	174224.141	0.105451058876693
20191001_PFAS_Set1_PPB_UC_Sample087	100119	PFOA	DTXSID8031865	PFOA	CC	1	100119	0.106069800327869	NA		0.01	16191.235	NA	242949.625	0.150050088828925
20191001_PFAS_Set1_PPB_UC_Sample088	100119	PFOA	DTXSID8031865	PFOA	CC	1	100119	0.169700819672131	NA		0.01	13683.298	NA	344750.813	0.251950087617766
20191001_PFAS_Set1_PPB_UC_Sample089	100119	PFOA	DTXSID8031865	PFOA	CC	1	100119	0.212126024590164	NA		0.01	14686.028	NA	411741.969	0.2803630559604
20191001_PFAS_Set1_PPB_UC_Sample090	100119	PFOA	DTXSID8031865	PFOA	CC	1	100119	0.339401639344262	NA		0.01	12238.684	NA	567157.813	0.463414050889785
20191001_PFAS_Set1_PPB_UC_Sample098	100119	PFOA	DTXSID8031865	PFOA	CC	1	100119	0.000230793114754098	NA		0.01	21680.102	NA	1663.317	0.00076720902881361
20191001_PFAS_Set1_PPB_UC_Sample099	100119	PFOA	DTXSID8031865	PFOA	CC	1	100119	0.000380129836065574	NA		0.01	23192.934	NA	2240.92	0.000966208070095832
20191001_PFAS_Set1_PPB_UC_Sample100	100119	PFOA	DTXSID8031865	PFOA	CC	1	100119	0.000597346885245902	NA		0.01	22229.623	NA	3238.445	0.00145681507958997
20191001_PFAS_Set1_PPB_UC_Sample101	100119	PFOA	DTXSID8031865	PFOA	CC	1	100119	0.000963900655737705	NA		0.01	22224.467	NA	5014.086	0.00225611079896764
20191001_PFAS_Set1_PPB_UC_Sample102	100119	PFOA	DTXSID8031865	PFOA	CC	1	100119	0.00154767147540984	NA		0.01	23369.984	NA	6336.589	0.00271142205317727
20191001_PFAS_Set1_PPB_UC_Sample103	100119	PFOA	DTXSID8031865	PFOA	CC	1	100119	0.00247084393442623	NA		0.01	22760.492	NA	9765.523	0.00429055883326248
20190723_PFAS_Set1_PPB_UC_Sample003	072319	PFOS	DTXSID3031864	PFOS	CC	1	072319	0	NA		0.01	4806.589	NA	1009.615	0.00210048123523771
20190723_PFAS_Set1_PPB_UC_Sample005	072319	PFOS	DTXSID3031864	PFOS	CC	1	072319	0.000278760983606557	NA		0.01	4570.31	NA	1199.192	0.00262387452929889
20190723_PFAS_Set1_PPB_UC_Sample006	072319	PFOS	DTXSID3031864	PFOS	CC	1	072319	0.000459135737704918	NA		0.01	4877.833	NA	1525.408	0.00312722473278605
20190723_PFAS_Set1_PPB_UC_Sample007	072319	PFOS	DTXSID3031864	PFOS	CC	1	072319	0.000721499016393443	NA		0.01	4545.023	NA	1875.038	0.00412547527262238
20190723_PFAS_Set1_PPB_UC_Sample008	072319	PFOS	DTXSID3031864	PFOS	CC	1	072319	0.00116423704918033	NA		0.01	4744.526	NA	2576.189	0.00542981322054089
20190723_PFAS_Set1_PPB_UC_Sample009	072319	PFOS	DTXSID3031864	PFOS	CC	1	072319	0.00186933836065574	NA		0.01	3900.91	NA	3194.953	0.00819027611506033
20190723_PFAS_Set1_PPB_UC_Sample010	072319	PFOS	DTXSID3031864	PFOS	CC	1	072319	0.00298438229508197	NA		0.01	4893.265	NA	5059.134	0.0103389740796789
20190723_PFAS_Set1_PPB_UC_Sample012	072319	PFOS	DTXSID3031864	PFOS	CC	1	072319	0.00477173213114754	NA		0.01	3815.292	NA	6070.205	0.0159101976991538
20190723_PFAS_Set1_PPB_UC_Sample013	072319	PFOS	DTXSID3031864	PFOS	CC	1	072319	0.00764133049180328	NA		0.01	4188.543	NA	10465.979	0.024987159019258
20190723_PFAS_Set1_PPB_UC_Sample014	072319	PFOS	DTXSID3031864	PFOS	CC	1	072319	0.0122162901639344	NA		0.01	4215.595	NA	15501.992	0.036772963247181
20190723_PFAS_Set1_PPB_UC_Sample015	072319	PFOS	DTXSID3031864	PFOS	CC	1	072319	0.0195460642622951	NA		0.01	4464.039	NA	24881.787	0.0557382832004828
20190723_PFAS_Set1_PPB_UC_Sample016	072319	PFOS	DTXSID3031864	PFOS	CC	1	072319	0.0312704232786885	NA		0.01	4772.246	NA	43306.977	0.090747578812995
20190723_PFAS_Set1_PPB_UC_Sample017	072319	PFOS	DTXSID3031864	PFOS	CC	1	072319	0.0500457954098361	NA		0.01	4279.935	NA	63791.738	0.149048380407646
20190723_PFAS_Set1_PPB_UC_Sample018	072319	PFOS	DTXSID3031864	PFOS	CC	1	072319	0	NA		0.01	4671.296	NA	953.124	0.00204038450999466
20190723_PFAS_Set1_PPB_UC_Sample019	072319	PFOS	DTXSID3031864	PFOS	CC	1	072319	0.0800699931147541	NA		0.01	4037.295	NA	99167.109	0.245627602144505
20190723_PFAS_Set1_PPB_UC_Sample020	072319	PFOS	DTXSID3031864	PFOS	CC	1	072319	0.12811526852459	NA		0.01	3874.164	NA	142646.734	0.368200040060256
20190723_PFAS_Set1_PPB_UC_Sample021	072319	PFOS	DTXSID3031864	PFOS	CC	1	072319	0.20497131147541	NA		0.01	3640.731	NA	211309.781	0.580404817054597
20190723_PFAS_Set1_PPB_UC_Sample027	072319	PFOS	DTXSID3031864	PFOS	CC	1	072319	0.000278760983606557	NA		0.01	4348.564	NA	979.838	0.00225324497926212
20190723_PFAS_Set1_PPB_UC_Sample028	072319	PFOS	DTXSID3031864	PFOS	CC	1	072319	0.000459135737704918	NA		0.01	4690.764	NA	1624.238	0.00346262996816723
20190723_PFAS_Set1_PPB_UC_Sample029	072319	PFOS	DTXSID3031864	PFOS	CC	1	072319	0.000721499016393443	NA		0.01	4408.232	NA	1780.517	0.0040390728074203
20190723_PFAS_Set1_PPB_UC_Sample031	072319	PFOS	DTXSID3031864	PFOS	CC	1	072319	0	NA		0.01	5021.077	NA	1003.052	0.00199768296721998
20190723_PFAS_Set1_PPB_UC_Sample034	072319	PFOS	DTXSID3031864	PFOS	AF	32	072319	NA	NA		0.01	6439.171	1	24023.287	0.0373080432248189
20190723_PFAS_Set1_PPB_UC_Sample035	072319	PFOS	DTXSID3031864	PFOS	AF	32	072319	NA	NA		0.01	7462.506	1	10992.332	0.0147300812890469
20190723_PFAS_Set1_PPB_UC_Sample036	072319	PFOS	DTXSID3031864	PFOS	AF	32	072319	NA	NA		0.01	7114.665	1	10931.233	0.015364367823362
20190723_PFAS_Set1_PPB_UC_Sample038	072319	PFOS	DTXSID3031864	PFOS	CC	1	072319	0	NA		0.01	4748.475	NA	1077.027	0.00226815345979499
20190723_PFAS_Set1_PPB_UC_Sample044	072319	PFOS	DTXSID3031864	PFOS	T1	80	072319	NA	0.0199948013516486		0.01	2851.506	1	261751.172	0.917940106035197
20190723_PFAS_Set1_PPB_UC_Sample046	072319	PFOS	DTXSID3031864	PFOS	T1	80	072319	NA	0.0199948013516486		0.01	3256.953	1	285861.813	0.877697077605971
20190723_PFAS_Set1_PPB_UC_Sample047	072319	PFOS	DTXSID3031864	PFOS	T1	80	072319	NA	0.0199948013516486		0.01	3159.588	1	266268.469	0.842731612476057
20190723_PFAS_Set1_PPB_UC_Sample055	072319	PFOS	DTXSID3031864	PFOS	T5	80	072319	NA	NA		0.01	4047.235	1	351050.094	0.867382531530786
20190723_PFAS_Set1_PPB_UC_Sample056	072319	PFOS	DTXSID3031864	PFOS	T5	80	072319	NA	NA		0.01	5180	1	473837.875	0.914744932432432
20190723_PFAS_Set1_PPB_UC_Sample057	072319	PFOS	DTXSID3031864	PFOS	T5	80	072319	NA	NA		0.01	4400.548	1	394771.219	0.897095586731471
20190723_PFAS_Set1_PPB_UC_Sample059	072319	PFOS	DTXSID3031864	PFOS	CC	1	072319	0	NA		0.01	4779.714	NA	1083.335	0.00226652682566363
20190723_PFAS_Set1_PPB_UC_Sample062	072319	PFOS	DTXSID3031864	PFOS	CC	1	072319	0	NA		0.01	4815.863	NA	1048.383	0.00217693692698484
20190723_PFAS_Set1_PPB_UC_Sample064	072319	PFOS	DTXSID3031864	PFOS	CC	1	072319	0.000278760983606557	NA		0.01	4519.231	NA	1141.379	0.00252560446677764
20190723_PFAS_Set1_PPB_UC_Sample065	072319	PFOS	DTXSID3031864	PFOS	CC	1	072319	0.000459135737704918	NA		0.01	4806.398	NA	1414.136	0.00294219496595996
20190723_PFAS_Set1_PPB_UC_Sample066	072319	PFOS	DTXSID3031864	PFOS	CC	1	072319	0.000721499016393443	NA		0.01	4501.1	NA	1760.855	0.0039120548310413
20190723_PFAS_Set1_PPB_UC_Sample067	072319	PFOS	DTXSID3031864	PFOS	CC	1	072319	0.00116423704918033	NA		0.01	4534.586	NA	2546.362	0.00561542332640731
20190723_PFAS_Set1_PPB_UC_Sample068	072319	PFOS	DTXSID3031864	PFOS	CC	1	072319	0.00186933836065574	NA		0.01	4083.017	NA	3090.795	0.00756988031154414
20190723_PFAS_Set1_PPB_UC_Sample070	072319	PFOS	DTXSID3031864	PFOS	CC	1	072319	0.00298438229508197	NA		0.01	4958.164	NA	5101.944	0.0102899863739884
20190723_PFAS_Set1_PPB_UC_Sample071	072319	PFOS	DTXSID3031864	PFOS	CC	1	072319	0.00477173213114754	NA		0.01	3721.68	NA	6117.619	0.0164377888480471
20190723_PFAS_Set1_PPB_UC_Sample072	072319	PFOS	DTXSID3031864	PFOS	CC	1	072319	0.00764133049180328	NA		0.01	4441.419	NA	10801.577	0.0243201035524908
20190723_PFAS_Set1_PPB_UC_Sample073	072319	PFOS	DTXSID3031864	PFOS	CC	1	072319	0.0122162901639344	NA		0.01	4280.15	NA	15160.279	0.0354199712626894
20190723_PFAS_Set1_PPB_UC_Sample074	072319	PFOS	DTXSID3031864	PFOS	CC	1	072319	0.0195460642622951	NA		0.01	4457.545	NA	25088.031	0.05628217101566
20190723_PFAS_Set1_PPB_UC_Sample075	072319	PFOS	DTXSID3031864	PFOS	CC	1	072319	0.0312704232786885	NA		0.01	4714.611	NA	42925.777	0.0910483961455145
20190723_PFAS_Set1_PPB_UC_Sample076	072319	PFOS	DTXSID3031864	PFOS	CC	1	072319	0	NA		0.01	4697.864	NA	1021.139	0.00217362401295568
20190723_PFAS_Set1_PPB_UC_Sample077	072319	PFOS	DTXSID3031864	PFOS	CC	1	072319	0.0500457954098361	NA		0.01	4105.327	NA	63390.488	0.154410325900957
20190723_PFAS_Set1_PPB_UC_Sample078	072319	PFOS	DTXSID3031864	PFOS	CC	1	072319	0.0800699931147541	NA		0.01	3858.078	NA	98352.141	0.254925227017183
20190723_PFAS_Set1_PPB_UC_Sample079	072319	PFOS	DTXSID3031864	PFOS	CC	1	072319	0.12811526852459	NA		0.01	3981.603	NA	141297.344	0.354875521241068
20190723_PFAS_Set1_PPB_UC_Sample080	072319	PFOS	DTXSID3031864	PFOS	CC	1	072319	0.20497131147541	NA		0.01	3870.588	NA	211272.156	0.545839949899085
20190723_PFAS_Set1_PPB_UC_Sample087	072319	PFOS	DTXSID3031864	PFOS	CC	1	072319	0	NA		0.01	4624	NA	1126.709	0.00243665441176471
20190723_PFAS_Set1_PPB_UC_Sample088	072319	PFOS	DTXSID3031864	PFOS	CC	1	072319	0	NA		0.01	4655.258	NA	985.814	0.00211763558539613
20190723_PFAS_Set1_PPB_UC_Sample089	072319	PFOS	DTXSID3031864	PFOS	CC	1	072319	0	NA		0.01	4774.83	NA	1098.725	0.00230107668754699
20200107_PFAS_PPB_UC_Sample005	010720	PFOS	DTXSID3031864	PFOS	CC	1	010720	0	NA		0.01	1055.064	NA	232.785	0.00220635904551762
20200107_PFAS_PPB_UC_Sample007	010720	PFOS	DTXSID3031864	PFOS	CC	1	010720	0.000278760983606557	NA		0.01	758.272	NA	217.428	0.00286741433153275
20200107_PFAS_PPB_UC_Sample008	010720	PFOS	DTXSID3031864	PFOS	CC	1	010720	0.000459135737704918	NA		0.01	869.018	NA	365.844	0.00420985526191632
20200107_PFAS_PPB_UC_Sample009	010720	PFOS	DTXSID3031864	PFOS	CC	1	010720	0.000721499016393443	NA		0.01	1264.781	NA	458.689	0.00362662785098764
20200107_PFAS_PPB_UC_Sample010	010720	PFOS	DTXSID3031864	PFOS	CC	1	010720	0.00116423704918033	NA		0.01	600.029	NA	263.429	0.00439027113689505
20200107_PFAS_PPB_UC_Sample011	010720	PFOS	DTXSID3031864	PFOS	CC	1	010720	0.00186933836065574	NA		0.01	951.161	NA	1181.869	0.0124255409967398
20200107_PFAS_PPB_UC_Sample012	010720	PFOS	DTXSID3031864	PFOS	CC	1	010720	0.00298438229508197	NA		0.01	1057.261	NA	2059.719	0.0194816511722271
20200107_PFAS_PPB_UC_Sample014	010720	PFOS	DTXSID3031864	PFOS	CC	1	010720	0.00477173213114754	NA		0.01	1027.881	NA	2383.51	0.0231885792226921
20200107_PFAS_PPB_UC_Sample015	010720	PFOS	DTXSID3031864	PFOS	CC	1	010720	0.00764133049180328	NA		0.01	1261.918	NA	4313.747	0.0341840515786287
20200107_PFAS_PPB_UC_Sample016	010720	PFOS	DTXSID3031864	PFOS	CC	1	010720	0.0122162901639344	NA		0.01	1099.431	NA	5926.326	0.0539035737576983
20200107_PFAS_PPB_UC_Sample017	010720	PFOS	DTXSID3031864	PFOS	CC	1	010720	0.0195460642622951	NA		0.01	1171.478	NA	11595.044	0.0989779065419922
20200107_PFAS_PPB_UC_Sample018	010720	PFOS	DTXSID3031864	PFOS	CC	1	010720	0.0312704232786885	NA		0.01	1186.756	NA	18574.811	0.156517523399924
20200107_PFAS_PPB_UC_Sample019	010720	PFOS	DTXSID3031864	PFOS	CC	1	010720	0.0500457954098361	NA		0.01	648.387	NA	15326.643	0.236381096474791
20200107_PFAS_PPB_UC_Sample020	010720	PFOS	DTXSID3031864	PFOS	CC	1	010720	0	NA		0.01	874.774	NA	344.658	0.00393996620841497
20200107_PFAS_PPB_UC_Sample021	010720	PFOS	DTXSID3031864	PFOS	CC	1	010720	0.0800699931147541	NA		0.01	439.435	NA	14382.455	0.327294252847406
20200107_PFAS_PPB_UC_Sample022	010720	PFOS	DTXSID3031864	PFOS	CC	1	010720	0.12811526852459	NA		0.01	540.118	NA	25278.754	0.468022802424655
20200107_PFAS_PPB_UC_Sample023	010720	PFOS	DTXSID3031864	PFOS	CC	1	010720	0.20497131147541	NA		0.01	697.303	NA	39914.961	0.572419177889669
20200107_PFAS_PPB_UC_Sample024	010720	PFOS	DTXSID3031864	PFOS	CC	1	010720	0.256214139344262	NA		0.01	645.252	NA	67227.344	1.04187734404543
20200107_PFAS_PPB_UC_Sample025	010720	PFOS	DTXSID3031864	PFOS	CC	1	010720	0.40994262295082	NA		0.01	578.473	NA	86555.281	1.49627175339212
20200107_PFAS_PPB_UC_Sample032	010720	PFOS	DTXSID3031864	PFOS	CC	1	010720	0.000278760983606557	NA		0.01	1043.125	NA	392.721	0.00376485080886759
20200107_PFAS_PPB_UC_Sample033	010720	PFOS	DTXSID3031864	PFOS	CC	1	010720	0.000459135737704918	NA		0.01	965.245	NA	553.888	0.00573831514278758
20200107_PFAS_PPB_UC_Sample034	010720	PFOS	DTXSID3031864	PFOS	CC	1	010720	0.000721499016393443	NA		0.01	510.047	NA	337.703	0.0066210172787998
20200107_PFAS_PPB_UC_Sample035	010720	PFOS	DTXSID3031864	PFOS	CC	1	010720	0.00116423704918033	NA		0.01	812.349	NA	637.716	0.00785027125041085
20200107_PFAS_PPB_UC_Sample036	010720	PFOS	DTXSID3031864	PFOS	CC	1	010720	0.00186933836065574	NA		0.01	814.05	NA	829.61	0.0101911430501812
20200107_PFAS_PPB_UC_Sample037	010720	PFOS	DTXSID3031864	PFOS	CC	1	010720	0.00298438229508197	NA		0.01	74.747	NA	110.478	0.0147802587394812
20200107_PFAS_PPB_UC_Sample038	010720	PFOS	DTXSID3031864	PFOS	CC	1	010720	0	NA		0.01	8.589	NA	8.474	0.00986610781231808
20200107_PFAS_PPB_UC_Sample045	010720	PFOS	DTXSID3031864	PFOS	CC	1	010720	0	NA		0.01	759.308	NA	0.909	1.19714266147598e-05
20200107_PFAS_PPB_UC_Sample046	010720	PFOS	DTXSID3031864	PFOS	AF	32	010720	NA	NA		0.01	1288.982	1	1065.658	0.00826743895570303
20200107_PFAS_PPB_UC_Sample047	010720	PFOS	DTXSID3031864	PFOS	AF	32	010720	NA	NA		0.01	88.64	1	94.978	0.0107150270758123
20200107_PFAS_PPB_UC_Sample048	010720	PFOS	DTXSID3031864	PFOS	AF	32	010720	NA	NA		0.01	1109.342	1	830.57	0.00748705088241498
20200107_PFAS_PPB_UC_Sample056	010720	PFOS	DTXSID3031864	PFOS	T1	80	010720	NA	0.0199948013516486		0.01	1371.417	1	85812.242	0.625719544091987
20200107_PFAS_PPB_UC_Sample057	010720	PFOS	DTXSID3031864	PFOS	T1	80	010720	NA	0.0199948013516486		0.01	1065.147	1	75307.406	0.707014205550971
20200107_PFAS_PPB_UC_Sample058	010720	PFOS	DTXSID3031864	PFOS	T1	80	010720	NA	0.0199948013516486		0.01	1040.139	1	65144.797	0.626308570296855
20200107_PFAS_PPB_UC_Sample066	010720	PFOS	DTXSID3031864	PFOS	CC	1	010720	0	NA		0.01	953.73	NA	12.273	0.000128684218804064
20200107_PFAS_PPB_UC_Sample067	010720	PFOS	DTXSID3031864	PFOS	T5	80	010720	NA	NA		0.01	727.483	1	58351.215	0.802097299868176
20200107_PFAS_PPB_UC_Sample068	010720	PFOS	DTXSID3031864	PFOS	T5	80	010720	NA	NA		0.01	938.421	1	64777.285	0.690279576011193
20200107_PFAS_PPB_UC_Sample069	010720	PFOS	DTXSID3031864	PFOS	T5	80	010720	NA	NA		0.01	806.306	1	56145.355	0.696328131007335
20200107_PFAS_PPB_UC_Sample070	010720	PFOS	DTXSID3031864	PFOS	CC	1	010720	0	NA		0.01	542.379	NA	4.12	7.59616430577143e-05
20200107_PFAS_PPB_UC_Sample072	010720	PFOS	DTXSID3031864	PFOS	CC	1	010720	0.000278760983606557	NA		0.01	729.653	NA	278.836	0.00382148774828583
20200107_PFAS_PPB_UC_Sample073	010720	PFOS	DTXSID3031864	PFOS	CC	1	010720	0.000459135737704918	NA		0.01	663.651	NA	344.518	0.00519125263127758
20200107_PFAS_PPB_UC_Sample074	010720	PFOS	DTXSID3031864	PFOS	CC	1	010720	0.000721499016393443	NA		0.01	918.222	NA	537.493	0.0058536279897454
20200107_PFAS_PPB_UC_Sample075	010720	PFOS	DTXSID3031864	PFOS	CC	1	010720	0.00116423704918033	NA		0.01	477.336	NA	322.629	0.00675894967067223
20200107_PFAS_PPB_UC_Sample076	010720	PFOS	DTXSID3031864	PFOS	CC	1	010720	0.00186933836065574	NA		0.01	837.195	NA	582.652	0.00695957333715562
20200107_PFAS_PPB_UC_Sample077	010720	PFOS	DTXSID3031864	PFOS	CC	1	010720	0.00298438229508197	NA		0.01	858.911	NA	928.006	0.0108044488893494
20200107_PFAS_PPB_UC_Sample079	010720	PFOS	DTXSID3031864	PFOS	CC	1	010720	0.00477173213114754	NA		0.01	565.088	NA	1402.362	0.0248167011155785
20200107_PFAS_PPB_UC_Sample080	010720	PFOS	DTXSID3031864	PFOS	CC	1	010720	0.00764133049180328	NA		0.01	646.09	NA	2416.757	0.0374058877246204
20200107_PFAS_PPB_UC_Sample081	010720	PFOS	DTXSID3031864	PFOS	CC	1	010720	0.0122162901639344	NA		0.01	711.418	NA	3859.957	0.0542572299267098
20200107_PFAS_PPB_UC_Sample082	010720	PFOS	DTXSID3031864	PFOS	CC	1	010720	0.0195460642622951	NA		0.01	434.433	NA	5164.591	0.118881185361149
20200107_PFAS_PPB_UC_Sample083	010720	PFOS	DTXSID3031864	PFOS	CC	1	010720	0.0312704232786885	NA		0.01	1063.898	NA	11825.614	0.111153644428319
20200107_PFAS_PPB_UC_Sample084	010720	PFOS	DTXSID3031864	PFOS	CC	1	010720	0.0500457954098361	NA		0.01	1018.753	NA	16128.039	0.158311573070214
20200107_PFAS_PPB_UC_Sample085	010720	PFOS	DTXSID3031864	PFOS	CC	1	010720	0	NA		0.01	876.203	NA	186.723	0.00213104725731366
20200107_PFAS_PPB_UC_Sample086	010720	PFOS	DTXSID3031864	PFOS	CC	1	010720	0.0800699931147541	NA		0.01	687.858	NA	24647.092	0.358316571152767
20200107_PFAS_PPB_UC_Sample087	010720	PFOS	DTXSID3031864	PFOS	CC	1	010720	0.12811526852459	NA		0.01	722.817	NA	38217.969	0.528736443664164
20200107_PFAS_PPB_UC_Sample088	010720	PFOS	DTXSID3031864	PFOS	CC	1	010720	0.20497131147541	NA		0.01	929.474	NA	71571.875	0.770025573603995
20200107_PFAS_PPB_UC_Sample089	010720	PFOS	DTXSID3031864	PFOS	CC	1	010720	0.256214139344262	NA		0.01	883.526	NA	85627.922	0.969161315003746
20200107_PFAS_PPB_UC_Sample090	010720	PFOS	DTXSID3031864	PFOS	CC	1	010720	0.40994262295082	NA		0.01	1017.531	NA	186347.953	1.83137371736095
20200107_PFAS_PPB_UC_Sample097	010720	PFOS	DTXSID3031864	PFOS	CC	1	010720	0	NA		0.01	1135.851	NA	190.795	0.00167975377052096
20200107_PFAS_PPB_UC_Sample098	010720	PFOS	DTXSID3031864	PFOS	CC	1	010720	0.000278760983606557	NA		0.01	1385.589	NA	424.931	0.00306678964685776
20200107_PFAS_PPB_UC_Sample099	010720	PFOS	DTXSID3031864	PFOS	CC	1	010720	0.000459135737704918	NA		0.01	1407.663	NA	707.932	0.00502912984144643
20200107_PFAS_PPB_UC_Sample100	010720	PFOS	DTXSID3031864	PFOS	CC	1	010720	0.000721499016393443	NA		0.01	1391.458	NA	694.589	0.00499180715479734
20200107_PFAS_PPB_UC_Sample101	010720	PFOS	DTXSID3031864	PFOS	CC	1	010720	0.00116423704918033	NA		0.01	1409.701	NA	1044.354	0.00740833694521037
20200107_PFAS_PPB_UC_Sample102	010720	PFOS	DTXSID3031864	PFOS	CC	1	010720	0.00186933836065574	NA		0.01	1277.291	NA	1187.282	0.00929531328413024
20200107_PFAS_PPB_UC_Sample103	010720	PFOS	DTXSID3031864	PFOS	CC	1	010720	0.00298438229508197	NA		0.01	1336.722	NA	2035.846	0.0152301376052762
20200107_PFAS_PPB_UC_Sample104	010720	PFOS	DTXSID3031864	PFOS	CC	1	010720	0	NA		0.01	1101.146	NA	3.737	3.39373707028859e-05
20200107_PFAS_PPB_UC_Sample105	010720	PFOS	DTXSID3031864	PFOS	CC	1	010720	0	NA		0.01	1093.56	NA	1.101	1.0068034675738e-05
20200107_PFAS_PPB_UC_Sample005	010720	PFOS	DTXSID3031864	PFOS	CC	1	010720	0	NA		0.01	1055.064	NA	232.785	0.00220635904551762
20200107_PFAS_PPB_UC_Sample007	010720	PFOS	DTXSID3031864	PFOS	CC	1	010720	0.000278760983606557	NA		0.01	758.272	NA	217.428	0.00286741433153275
20200107_PFAS_PPB_UC_Sample008	010720	PFOS	DTXSID3031864	PFOS	CC	1	010720	0.000459135737704918	NA		0.01	869.018	NA	365.844	0.00420985526191632
20200107_PFAS_PPB_UC_Sample009	010720	PFOS	DTXSID3031864	PFOS	CC	1	010720	0.000721499016393443	NA		0.01	1264.781	NA	458.689	0.00362662785098764
20200107_PFAS_PPB_UC_Sample010	010720	PFOS	DTXSID3031864	PFOS	CC	1	010720	0.00116423704918033	NA		0.01	600.029	NA	263.429	0.00439027113689505
20200107_PFAS_PPB_UC_Sample011	010720	PFOS	DTXSID3031864	PFOS	CC	1	010720	0.00186933836065574	NA		0.01	951.161	NA	1181.869	0.0124255409967398
20200107_PFAS_PPB_UC_Sample012	010720	PFOS	DTXSID3031864	PFOS	CC	1	010720	0.00298438229508197	NA		0.01	1057.261	NA	2059.719	0.0194816511722271
20200107_PFAS_PPB_UC_Sample014	010720	PFOS	DTXSID3031864	PFOS	CC	1	010720	0.00477173213114754	NA		0.01	1027.881	NA	2383.51	0.0231885792226921
20200107_PFAS_PPB_UC_Sample015	010720	PFOS	DTXSID3031864	PFOS	CC	1	010720	0.00764133049180328	NA		0.01	1261.918	NA	4313.747	0.0341840515786287
20200107_PFAS_PPB_UC_Sample016	010720	PFOS	DTXSID3031864	PFOS	CC	1	010720	0.0122162901639344	NA		0.01	1099.431	NA	5926.326	0.0539035737576983
20200107_PFAS_PPB_UC_Sample017	010720	PFOS	DTXSID3031864	PFOS	CC	1	010720	0.0195460642622951	NA		0.01	1171.478	NA	11595.044	0.0989779065419922
20200107_PFAS_PPB_UC_Sample018	010720	PFOS	DTXSID3031864	PFOS	CC	1	010720	0.0312704232786885	NA		0.01	1186.756	NA	18574.811	0.156517523399924
20200107_PFAS_PPB_UC_Sample019	010720	PFOS	DTXSID3031864	PFOS	CC	1	010720	0.0500457954098361	NA		0.01	648.387	NA	15326.643	0.236381096474791
20200107_PFAS_PPB_UC_Sample020	010720	PFOS	DTXSID3031864	PFOS	CC	1	010720	0	NA		0.01	874.774	NA	344.658	0.00393996620841497
20200107_PFAS_PPB_UC_Sample021	010720	PFOS	DTXSID3031864	PFOS	CC	1	010720	0.0800699931147541	NA		0.01	439.435	NA	14382.455	0.327294252847406
20200107_PFAS_PPB_UC_Sample022	010720	PFOS	DTXSID3031864	PFOS	CC	1	010720	0.12811526852459	NA		0.01	540.118	NA	25278.754	0.468022802424655
20200107_PFAS_PPB_UC_Sample023	010720	PFOS	DTXSID3031864	PFOS	CC	1	010720	0.20497131147541	NA		0.01	697.303	NA	39914.961	0.572419177889669
20200107_PFAS_PPB_UC_Sample024	010720	PFOS	DTXSID3031864	PFOS	CC	1	010720	0.256214139344262	NA		0.01	645.252	NA	67227.344	1.04187734404543
20200107_PFAS_PPB_UC_Sample025	010720	PFOS	DTXSID3031864	PFOS	CC	1	010720	0.40994262295082	NA		0.01	578.473	NA	86555.281	1.49627175339212
20200107_PFAS_PPB_UC_Sample032	010720	PFOS	DTXSID3031864	PFOS	CC	1	010720	0.000278760983606557	NA		0.01	1043.125	NA	392.721	0.00376485080886759
20200107_PFAS_PPB_UC_Sample033	010720	PFOS	DTXSID3031864	PFOS	CC	1	010720	0.000459135737704918	NA		0.01	965.245	NA	553.888	0.00573831514278758
20200107_PFAS_PPB_UC_Sample034	010720	PFOS	DTXSID3031864	PFOS	CC	1	010720	0.000721499016393443	NA		0.01	510.047	NA	337.703	0.0066210172787998
20200107_PFAS_PPB_UC_Sample035	010720	PFOS	DTXSID3031864	PFOS	CC	1	010720	0.00116423704918033	NA		0.01	812.349	NA	637.716	0.00785027125041085
20200107_PFAS_PPB_UC_Sample036	010720	PFOS	DTXSID3031864	PFOS	CC	1	010720	0.00186933836065574	NA		0.01	814.05	NA	829.61	0.0101911430501812
20200107_PFAS_PPB_UC_Sample037	010720	PFOS	DTXSID3031864	PFOS	CC	1	010720	0.00298438229508197	NA		0.01	74.747	NA	110.478	0.0147802587394812
20200107_PFAS_PPB_UC_Sample038	010720	PFOS	DTXSID3031864	PFOS	CC	1	010720	0	NA		0.01	8.589	NA	8.474	0.00986610781231808
20200107_PFAS_PPB_UC_Sample045	010720	PFOS	DTXSID3031864	PFOS	CC	1	010720	0	NA		0.01	759.308	NA	0.909	1.19714266147598e-05
20200107_PFAS_PPB_UC_Sample046	010720	PFOS	DTXSID3031864	PFOS	AF	32	010720	NA	NA		0.01	1288.982	1	1065.658	0.00826743895570303
20200107_PFAS_PPB_UC_Sample047	010720	PFOS	DTXSID3031864	PFOS	AF	32	010720	NA	NA		0.01	88.64	1	94.978	0.0107150270758123
20200107_PFAS_PPB_UC_Sample048	010720	PFOS	DTXSID3031864	PFOS	AF	32	010720	NA	NA		0.01	1109.342	1	830.57	0.00748705088241498
20200107_PFAS_PPB_UC_Sample056	010720	PFOS	DTXSID3031864	PFOS	T1	80	010720	NA	0.0199948013516486		0.01	1371.417	1	85812.242	0.625719544091987
20200107_PFAS_PPB_UC_Sample057	010720	PFOS	DTXSID3031864	PFOS	T1	80	010720	NA	0.0199948013516486		0.01	1065.147	1	75307.406	0.707014205550971
20200107_PFAS_PPB_UC_Sample058	010720	PFOS	DTXSID3031864	PFOS	T1	80	010720	NA	0.0199948013516486		0.01	1040.139	1	65144.797	0.626308570296855
20200107_PFAS_PPB_UC_Sample066	010720	PFOS	DTXSID3031864	PFOS	CC	1	010720	0	NA		0.01	953.73	NA	12.273	0.000128684218804064
20200107_PFAS_PPB_UC_Sample067	010720	PFOS	DTXSID3031864	PFOS	T5	80	010720	NA	NA		0.01	727.483	1	58351.215	0.802097299868176
20200107_PFAS_PPB_UC_Sample068	010720	PFOS	DTXSID3031864	PFOS	T5	80	010720	NA	NA		0.01	938.421	1	64777.285	0.690279576011193
20200107_PFAS_PPB_UC_Sample069	010720	PFOS	DTXSID3031864	PFOS	T5	80	010720	NA	NA		0.01	806.306	1	56145.355	0.696328131007335
20200107_PFAS_PPB_UC_Sample070	010720	PFOS	DTXSID3031864	PFOS	CC	1	010720	0	NA		0.01	542.379	NA	4.12	7.59616430577143e-05
20200107_PFAS_PPB_UC_Sample072	010720	PFOS	DTXSID3031864	PFOS	CC	1	010720	0.000278760983606557	NA		0.01	729.653	NA	278.836	0.00382148774828583
20200107_PFAS_PPB_UC_Sample073	010720	PFOS	DTXSID3031864	PFOS	CC	1	010720	0.000459135737704918	NA		0.01	663.651	NA	344.518	0.00519125263127758
20200107_PFAS_PPB_UC_Sample074	010720	PFOS	DTXSID3031864	PFOS	CC	1	010720	0.000721499016393443	NA		0.01	918.222	NA	537.493	0.0058536279897454
20200107_PFAS_PPB_UC_Sample075	010720	PFOS	DTXSID3031864	PFOS	CC	1	010720	0.00116423704918033	NA		0.01	477.336	NA	322.629	0.00675894967067223
20200107_PFAS_PPB_UC_Sample076	010720	PFOS	DTXSID3031864	PFOS	CC	1	010720	0.00186933836065574	NA		0.01	837.195	NA	582.652	0.00695957333715562
20200107_PFAS_PPB_UC_Sample077	010720	PFOS	DTXSID3031864	PFOS	CC	1	010720	0.00298438229508197	NA		0.01	858.911	NA	928.006	0.0108044488893494
20200107_PFAS_PPB_UC_Sample079	010720	PFOS	DTXSID3031864	PFOS	CC	1	010720	0.00477173213114754	NA		0.01	565.088	NA	1402.362	0.0248167011155785
20200107_PFAS_PPB_UC_Sample080	010720	PFOS	DTXSID3031864	PFOS	CC	1	010720	0.00764133049180328	NA		0.01	646.09	NA	2416.757	0.0374058877246204
20200107_PFAS_PPB_UC_Sample081	010720	PFOS	DTXSID3031864	PFOS	CC	1	010720	0.0122162901639344	NA		0.01	711.418	NA	3859.957	0.0542572299267098
20200107_PFAS_PPB_UC_Sample082	010720	PFOS	DTXSID3031864	PFOS	CC	1	010720	0.0195460642622951	NA		0.01	434.433	NA	5164.591	0.118881185361149
20200107_PFAS_PPB_UC_Sample083	010720	PFOS	DTXSID3031864	PFOS	CC	1	010720	0.0312704232786885	NA		0.01	1063.898	NA	11825.614	0.111153644428319
20200107_PFAS_PPB_UC_Sample084	010720	PFOS	DTXSID3031864	PFOS	CC	1	010720	0.0500457954098361	NA		0.01	1018.753	NA	16128.039	0.158311573070214
20200107_PFAS_PPB_UC_Sample085	010720	PFOS	DTXSID3031864	PFOS	CC	1	010720	0	NA		0.01	876.203	NA	186.723	0.00213104725731366
20200107_PFAS_PPB_UC_Sample086	010720	PFOS	DTXSID3031864	PFOS	CC	1	010720	0.0800699931147541	NA		0.01	687.858	NA	24647.092	0.358316571152767
20200107_PFAS_PPB_UC_Sample087	010720	PFOS	DTXSID3031864	PFOS	CC	1	010720	0.12811526852459	NA		0.01	722.817	NA	38217.969	0.528736443664164
20200107_PFAS_PPB_UC_Sample088	010720	PFOS	DTXSID3031864	PFOS	CC	1	010720	0.20497131147541	NA		0.01	929.474	NA	71571.875	0.770025573603995
20200107_PFAS_PPB_UC_Sample089	010720	PFOS	DTXSID3031864	PFOS	CC	1	010720	0.256214139344262	NA		0.01	883.526	NA	85627.922	0.969161315003746
20200107_PFAS_PPB_UC_Sample090	010720	PFOS	DTXSID3031864	PFOS	CC	1	010720	0.40994262295082	NA		0.01	1017.531	NA	186347.953	1.83137371736095
20200107_PFAS_PPB_UC_Sample097	010720	PFOS	DTXSID3031864	PFOS	CC	1	010720	0	NA		0.01	1135.851	NA	190.795	0.00167975377052096
20200107_PFAS_PPB_UC_Sample098	010720	PFOS	DTXSID3031864	PFOS	CC	1	010720	0.000278760983606557	NA		0.01	1385.589	NA	424.931	0.00306678964685776
20200107_PFAS_PPB_UC_Sample099	010720	PFOS	DTXSID3031864	PFOS	CC	1	010720	0.000459135737704918	NA		0.01	1407.663	NA	707.932	0.00502912984144643
20200107_PFAS_PPB_UC_Sample100	010720	PFOS	DTXSID3031864	PFOS	CC	1	010720	0.000721499016393443	NA		0.01	1391.458	NA	694.589	0.00499180715479734
20200107_PFAS_PPB_UC_Sample101	010720	PFOS	DTXSID3031864	PFOS	CC	1	010720	0.00116423704918033	NA		0.01	1409.701	NA	1044.354	0.00740833694521037
20200107_PFAS_PPB_UC_Sample102	010720	PFOS	DTXSID3031864	PFOS	CC	1	010720	0.00186933836065574	NA		0.01	1277.291	NA	1187.282	0.00929531328413024
20200107_PFAS_PPB_UC_Sample103	010720	PFOS	DTXSID3031864	PFOS	CC	1	010720	0.00298438229508197	NA		0.01	1336.722	NA	2035.846	0.0152301376052762
20200107_PFAS_PPB_UC_Sample104	010720	PFOS	DTXSID3031864	PFOS	CC	1	010720	0	NA		0.01	1101.146	NA	3.737	3.39373707028859e-05
20200107_PFAS_PPB_UC_Sample105	010720	PFOS	DTXSID3031864	PFOS	CC	1	010720	0	NA		0.01	1093.56	NA	1.101	1.0068034675738e-05
