Lab.Sample.Name	Date	Compound.Name	DTXSID	Lab.Compound.Name	Sample.Type	Dilution.Factor	Calibration	Standard.Conc	Test.Target.Conc	ISTD.Name	ISTD.Conc	ISTD.Area	Series	Area	Analysis.Method	Analysis.Instrument	Analysis.Parameters	Response
UCG1CC1_8/13/2019_SE 10/15	102919	Heptafluorobutyramide	DTXSID2060965	908	CC	1	102919	7	NA	M8FOSA	12000	719040.090268082	NA	3427.02796499915	GC	No Idea	None	57.1933834240832
UCG1CC2_8/13/2019_SE 10/15	102919	Heptafluorobutyramide	DTXSID2060965	908	CC	1	102919	12	NA	M8FOSA	12000	861470.252599102	NA	6708.76578159609	GC	No Idea	None	93.4509219979037
UCG1CC3_8/13/2019_SE 10/15	102919	Heptafluorobutyramide	DTXSID2060965	908	CC	1	102919	20	NA	M8FOSA	12000	991314.362762543	NA	15064.6150158087	GC	No Idea	None	182.359286801746
UCG1CC4_8/13/2019_SE 10/15	102919	Heptafluorobutyramide	DTXSID2060965	908	CC	1	102919	30	NA	M8FOSA	12000	736972.478126826	NA	16745.6356612933	GC	No Idea	None	272.666393792983
UCG1CC5_8/13/2019_SE 10/15	102919	Heptafluorobutyramide	DTXSID2060965	908	CC	1	102919	50	NA	M8FOSA	12000	616224.248196656	NA	31639.0042088597	GC	No Idea	None	616.119945973227
UCG1CC6_8/13/2019_SE 10/15	102919	Heptafluorobutyramide	DTXSID2060965	908	CC	1	102919	80	NA	M8FOSA	12000	899969.580618592	NA	65876.2887757097	GC	No Idea	None	878.380205656682
UCG1CC7_8/13/2019_SE 10/15	102919	Heptafluorobutyramide	DTXSID2060965	908	CC	1	102919	125	NA	M8FOSA	12000	883037.986426753	NA	71463.7087787174	GC	No Idea	None	971.152451566412
UCG1CC8_8/13/2019_SE 10/15	102919	Heptafluorobutyramide	DTXSID2060965	908	CC	1	102919	200	NA	M8FOSA	12000	918992.539198177	NA	113572.810786	GC	No Idea	None	1483.00848080999
UCG1CC9_8/13/2019_SE 10/15	102919	Heptafluorobutyramide	DTXSID2060965	908	CC	1	102919	350	NA	M8FOSA	12000	698555.828425027	NA	192073.896225318	GC	No Idea	None	3299.50257504893
UCG1CC10_8/13/2019_SE 10/15	102919	Heptafluorobutyramide	DTXSID2060965	908	CC	1	102919	500	NA	M8FOSA	12000	1001276.02619765	NA	387525.451942623	GC	No Idea	None	4644.37907394131
UCG1CC11_8/13/2019_SE 10/15	102919	Heptafluorobutyramide	DTXSID2060965	908	CC	1	102919	800	NA	M8FOSA	12000	580929.120682293	NA	331860.370699878	GC	No Idea	None	6855.09523730081
UCG1CC12_8/13/2019_SE 10/15	102919	Heptafluorobutyramide	DTXSID2060965	908	CC	1	102919	1500	NA	M8FOSA	12000	757185.915240694	NA	773830.092858424	GC	No Idea	None	12263.7795122606
UCG1CC13_8/13/2019_SE 10/15	102919	Heptafluorobutyramide	DTXSID2060965	908	CC	1	102919	2500	NA	M8FOSA	12000	913163.800935038	NA	1479118.08331151	GC	No Idea	None	19437.2761837072
UCG1CC14_8/13/2019_SE 10/15	102919	Heptafluorobutyramide	DTXSID2060965	908	CC	1	102919	3500	NA	M8FOSA	12000	653338.047533619	NA	1834222.68255982	GC	No Idea	None	33689.5612827221
UCG1CC15_8/13/2019_SE 10/15	102919	Heptafluorobutyramide	DTXSID2060965	908	CC	1	102919	5000	NA	M8FOSA	12000	608647.334075814	NA	2293484.34838322	GC	No Idea	None	45217.9951176299
UCG1T1hS1A_SE 10/11	102919	Heptafluorobutyramide	DTXSID2060965	908	T1	10	102919	NA	10000	M8FOSA	12000	714368.778807866	1	536695.031810797	GC	No Idea	None	9015.42812730025
UCG1T1hS1B_SE 10/11	102919	Heptafluorobutyramide	DTXSID2060965	908	T1	10	102919	NA	10000	M8FOSA	12000	749346.736692216	1	488838.204707804	GC	No Idea	None	7828.2298023846
UCG1T5hS1B_SE 10/11	102919	Heptafluorobutyramide	DTXSID2060965	908	T5	10	102919	NA	NA	M8FOSA	12000	527970.348143887	1	340363.773994774	GC	No Idea	None	7735.97476126478
UCG1T5hS1C_SE 10/11	102919	Heptafluorobutyramide	DTXSID2060965	908	T5	10	102919	NA	NA	M8FOSA	12000	625873.563754649	1	434477.954708497	GC	No Idea	None	8330.333406678
UCG1AFS1A_SE 10/11	102919	Heptafluorobutyramide	DTXSID2060965	908	AF	2	102919	NA	NA	M8FOSA	12000	596535.663137532	1	1343293.33811199	GC	No Idea	None	27021.8883018022
UCG1AFS1B_SE 10/11	102919	Heptafluorobutyramide	DTXSID2060965	908	AF	2	102919	NA	NA	M8FOSA	12000	664704.628390659	1	1221970.22797802	GC	No Idea	None	22060.3890952872
UCG1AFS1C_SE 10/11	102919	Heptafluorobutyramide	DTXSID2060965	908	AF	2	102919	NA	NA	M8FOSA	12000	557988.850558753	1	1094688.86275299	GC	No Idea	None	23542.1663710334
UCG1T5hS1A_SE 10/11	102919	Heptafluorobutyramide	DTXSID2060965	908	T5	10	102919	NA	NA	M8FOSA	12000	552669.425023233	1	373042.1079348	GC	No Idea	None	8099.78821431892
UCG1T1hS1C_SE 10/11	102919	Heptafluorobutyramide	DTXSID2060965	908	T1	10	102919	NA	10000	M8FOSA	12000	524228.199930995	1	362841.866359853	GC	No Idea	None	8305.73860179856
UCG1CC13_8/13/2019_SE 10/15	102919	Heptafluorobutyramide	DTXSID2060965	908	CC	1	102919	2500	NA	M8FOSA	12000	953139.907500026	NA	1485369.80374211	GC	No Idea	None	18700.7568402594
UCG1CC1_8/13/2019_SE 10/15	102919	Nonafluoropentanamide	DTXSID60400587	909	CC	1	102919	7	NA	M8FOSA	12000	719040.090268082	NA	3047.14921357241	GC	No Idea	None	50.8536186754705
UCG1CC2_8/13/2019_SE 10/15	102919	Nonafluoropentanamide	DTXSID60400587	909	CC	1	102919	12	NA	M8FOSA	12000	861470.252599102	NA	6897.22855465022	GC	No Idea	None	96.0761470359434
UCG1CC3_8/13/2019_SE 10/15	102919	Nonafluoropentanamide	DTXSID60400587	909	CC	1	102919	20	NA	M8FOSA	12000	991314.362762543	NA	14076.409174409	GC	No Idea	None	170.396915890716
UCG1CC4_8/13/2019_SE 10/15	102919	Nonafluoropentanamide	DTXSID60400587	909	CC	1	102919	30	NA	M8FOSA	12000	736972.478126826	NA	14353.8296951449	GC	No Idea	None	233.721015986294
UCG1CC5_8/13/2019_SE 10/15	102919	Nonafluoropentanamide	DTXSID60400587	909	CC	1	102919	50	NA	M8FOSA	12000	616224.248196656	NA	25141.46870636	GC	No Idea	None	489.59064067865
UCG1CC6_8/13/2019_SE 10/15	102919	Nonafluoropentanamide	DTXSID60400587	909	CC	1	102919	80	NA	M8FOSA	12000	899969.580618592	NA	61532.2151414502	GC	No Idea	None	820.45726611101
UCG1CC7_8/13/2019_SE 10/15	102919	Nonafluoropentanamide	DTXSID60400587	909	CC	1	102919	125	NA	M8FOSA	12000	883037.986426753	NA	62510.1701834512	GC	No Idea	None	849.478792228194
UCG1CC8_8/13/2019_SE 10/15	102919	Nonafluoropentanamide	DTXSID60400587	909	CC	1	102919	200	NA	M8FOSA	12000	918992.539198177	NA	108930.288826623	GC	No Idea	None	1422.38746253585
UCG1CC9_8/13/2019_SE 10/15	102919	Nonafluoropentanamide	DTXSID60400587	909	CC	1	102919	350	NA	M8FOSA	12000	698555.828425027	NA	174396.177361997	GC	No Idea	None	2995.82945727089
UCG1CC10_8/13/2019_SE 10/15	102919	Nonafluoropentanamide	DTXSID60400587	909	CC	1	102919	500	NA	M8FOSA	12000	1001276.02619765	NA	356614.479918183	GC	No Idea	None	4273.92012497207
UCG1CC11_8/13/2019_SE 10/15	102919	Nonafluoropentanamide	DTXSID60400587	909	CC	1	102919	800	NA	M8FOSA	12000	580929.120682293	NA	304327.730988843	GC	No Idea	None	6286.36548220715
UCG1CC12_8/13/2019_SE 10/15	102919	Nonafluoropentanamide	DTXSID60400587	909	CC	1	102919	1500	NA	M8FOSA	12000	757185.915240694	NA	712191.467313998	GC	No Idea	None	11286.9210001764
UCG1CC13_8/13/2019_SE 10/15	102919	Nonafluoropentanamide	DTXSID60400587	909	CC	1	102919	2500	NA	M8FOSA	12000	913163.800935038	NA	1420613.79957912	GC	No Idea	None	18668.4640559489
UCG1CC14_8/13/2019_SE 10/15	102919	Nonafluoropentanamide	DTXSID60400587	909	CC	1	102919	3500	NA	M8FOSA	12000	653338.047533619	NA	1687548.63065149	GC	No Idea	None	30995.5675232213
UCG1CC15_8/13/2019_SE 10/15	102919	Nonafluoropentanamide	DTXSID60400587	909	CC	1	102919	5000	NA	M8FOSA	12000	608647.334075814	NA	2050550.687988	GC	No Idea	None	40428.351326338
UCG1T1hS1A_SE 10/11	102919	Nonafluoropentanamide	DTXSID60400587	909	T1	10	102919	NA	10000	M8FOSA	12000	714368.778807866	1	492343.057661181	GC	No Idea	None	8270.40160096806
UCG1T1hS1B_SE 10/11	102919	Nonafluoropentanamide	DTXSID60400587	909	T1	10	102919	NA	10000	M8FOSA	12000	749346.736692216	1	446022.975921079	GC	No Idea	None	7142.58893643694
UCG1T5hS1B_SE 10/11	102919	Nonafluoropentanamide	DTXSID60400587	909	T5	10	102919	NA	NA	M8FOSA	12000	527970.348143887	1	318901.560957243	GC	No Idea	None	7248.16979767962
UCG1T5hS1C_SE 10/11	102919	Nonafluoropentanamide	DTXSID60400587	909	T5	10	102919	NA	NA	M8FOSA	12000	625873.563754649	1	413607.61660408	GC	No Idea	None	7930.18220720797
UCG1AFS1A_SE 10/11	102919	Nonafluoropentanamide	DTXSID60400587	909	AF	2	102919	NA	NA	M8FOSA	12000	596535.663137532	1	418039.832010604	GC	No Idea	None	8409.35134999748
UCG1AFS1B_SE 10/11	102919	Nonafluoropentanamide	DTXSID60400587	909	AF	2	102919	NA	NA	M8FOSA	12000	664704.628390659	1	358256.742914822	GC	No Idea	None	6467.65605557243
UCG1AFS1C_SE 10/11	102919	Nonafluoropentanamide	DTXSID60400587	909	AF	2	102919	NA	NA	M8FOSA	12000	557988.850558753	1	352273.413330065	GC	No Idea	None	7575.92370479752
UCG1T5hS1A_SE 10/11	102919	Nonafluoropentanamide	DTXSID60400587	909	T5	10	102919	NA	NA	M8FOSA	12000	552669.425023233	1	339028.263381891	GC	No Idea	None	7361.25245287754
UCG1T1hS1C_SE 10/11	102919	Nonafluoropentanamide	DTXSID60400587	909	T1	10	102919	NA	10000	M8FOSA	12000	524228.199930995	1	339660.974985642	GC	No Idea	None	7775.10958083565
UCG1CC13_8/13/2019_SE 10/15	102919	Nonafluoropentanamide	DTXSID60400587	909	CC	1	102919	2500	NA	M8FOSA	12000	953139.907500026	NA	1322560.60722887	GC	No Idea	None	16650.9944257538
UCG1CC1_8/13/2019_SE 10/15	102919	Perfluoropentanamide	DTXSID70366226	916	CC	1	102919	7	NA	M8FOSA	12000	719040.090268082	NA	4840.19339818738	GC	No Idea	None	80.7775832868979
UCG1CC2_8/13/2019_SE 10/15	102919	Perfluoropentanamide	DTXSID70366226	916	CC	1	102919	12	NA	M8FOSA	12000	861470.252599102	NA	8225.65057695582	GC	No Idea	None	114.58063308125
UCG1CC3_8/13/2019_SE 10/15	102919	Perfluoropentanamide	DTXSID70366226	916	CC	1	102919	20	NA	M8FOSA	12000	991314.362762543	NA	13652.8795789898	GC	No Idea	None	165.27003047884
UCG1CC4_8/13/2019_SE 10/15	102919	Perfluoropentanamide	DTXSID70366226	916	CC	1	102919	30	NA	M8FOSA	12000	736972.478126826	NA	12759.7267277982	GC	No Idea	None	207.764503123315
UCG1CC5_8/13/2019_SE 10/15	102919	Perfluoropentanamide	DTXSID70366226	916	CC	1	102919	50	NA	M8FOSA	12000	616224.248196656	NA	22188.9271390914	GC	No Idea	None	432.094528003907
UCG1CC6_8/13/2019_SE 10/15	102919	Perfluoropentanamide	DTXSID70366226	916	CC	1	102919	80	NA	M8FOSA	12000	899969.580618592	NA	54173.7659298374	GC	No Idea	None	722.341293703743
UCG1CC7_8/13/2019_SE 10/15	102919	Perfluoropentanamide	DTXSID70366226	916	CC	1	102919	125	NA	M8FOSA	12000	883037.986426753	NA	62470.2555225296	GC	No Idea	None	848.936373964856
UCG1CC8_8/13/2019_SE 10/15	102919	Perfluoropentanamide	DTXSID70366226	916	CC	1	102919	200	NA	M8FOSA	12000	918992.539198177	NA	98087.0024059189	GC	No Idea	None	1280.79824227735
UCG1CC9_8/13/2019_SE 10/15	102919	Perfluoropentanamide	DTXSID70366226	916	CC	1	102919	350	NA	M8FOSA	12000	698555.828425027	NA	157302.904728659	GC	No Idea	None	2702.19613083724
UCG1CC10_8/13/2019_SE 10/15	102919	Perfluoropentanamide	DTXSID70366226	916	CC	1	102919	500	NA	M8FOSA	12000	1001276.02619765	NA	324526.127707965	GC	No Idea	None	3889.35061921362
UCG1CC11_8/13/2019_SE 10/15	102919	Perfluoropentanamide	DTXSID70366226	916	CC	1	102919	800	NA	M8FOSA	12000	580929.120682293	NA	251313.046959073	GC	No Idea	None	5191.26422852914
UCG1CC12_8/13/2019_SE 10/15	102919	Perfluoropentanamide	DTXSID70366226	916	CC	1	102919	1500	NA	M8FOSA	12000	757185.915240694	NA	670732.108782258	GC	No Idea	None	10629.8666461969
UCG1CC13_8/13/2019_SE 10/15	102919	Perfluoropentanamide	DTXSID70366226	916	CC	1	102919	2500	NA	M8FOSA	12000	913163.800935038	NA	1262099.44824557	GC	No Idea	None	16585.4070906434
UCG1CC14_8/13/2019_SE 10/15	102919	Perfluoropentanamide	DTXSID70366226	916	CC	1	102919	3500	NA	M8FOSA	12000	653338.047533619	NA	1550259.86149522	GC	No Idea	None	28473.9552643081
UCG1CC15_8/13/2019_SE 10/15	102919	Perfluoropentanamide	DTXSID70366226	916	CC	1	102919	5000	NA	M8FOSA	12000	608647.334075814	NA	1982338.10009783	GC	No Idea	None	39083.4821240027
UCG1T1hS2B_SE 10/11	102919	Perfluoropentanamide	DTXSID70366226	916	T1	10	102919	NA	10000	M8FOSA	12000	634966.253062021	1	169704.774210311	GC	No Idea	None	3207.18980056538
UCG1T1hS2C_SE 10/11	102919	Perfluoropentanamide	DTXSID70366226	916	T1	10	102919	NA	10000	M8FOSA	12000	782386.932214928	1	211384.560791186	GC	No Idea	None	3242.14864161024
UCG1T5hS2A_SE 10/11	102919	Perfluoropentanamide	DTXSID70366226	916	T5	10	102919	NA	NA	M8FOSA	12000	818523.267817426	1	192203.930761702	GC	No Idea	None	2817.8150332739
UCG1T5hS2C_SE 10/11	102919	Perfluoropentanamide	DTXSID70366226	916	T5	10	102919	NA	NA	M8FOSA	12000	816873.315844817	1	204109.786395047	GC	No Idea	None	2998.40549229774
UCG1T1hS2A_SE 10/11	102919	Perfluoropentanamide	DTXSID70366226	916	T1	10	102919	NA	10000	M8FOSA	12000	688971.13675514	1	180775.312479606	GC	No Idea	None	3148.61339470922
UCG1AFS2B_SE 10/11	102919	Perfluoropentanamide	DTXSID70366226	916	AF	2	102919	NA	NA	M8FOSA	12000	715807.703056553	1	519752.194789746	GC	No Idea	None	8713.27077208638
UCG1T5hS2B_SE 10/11	102919	Perfluoropentanamide	DTXSID70366226	916	T5	10	102919	NA	NA	M8FOSA	12000	743496.337512432	1	186855.326524677	GC	No Idea	None	3015.83720748138
UCG1AFS2A_SE 10/11	102919	Perfluoropentanamide	DTXSID70366226	916	AF	2	102919	NA	NA	M8FOSA	12000	519504.803528922	1	381296.434008317	GC	No Idea	None	8807.53590153295
UCG1CC13_8/13/2019_SE 10/15	102919	Perfluoropentanamide	DTXSID70366226	916	CC	1	102919	2500	NA	M8FOSA	12000	953139.907500026	NA	1268580.19779833	GC	No Idea	None	15971.3828513466
G1+CC CC15_Nov.1	110119	Perfluoropentanamide	DTXSID70366226	916	CC	1	110119	5000	NA	M8FOSA	12000	614375.897015339	NA	2559428.33038568	GC	No Idea	None	49990.7957226736
G1+CC CC14_Nov.1	110119	Perfluoropentanamide	DTXSID70366226	916	CC	1	110119	3500	NA	M8FOSA	12000	703329.148982996	NA	1855305.09448479	GC	No Idea	None	31654.6828266828
G1+CC CC13_Nov.1	110119	Perfluoropentanamide	DTXSID70366226	916	CC	1	110119	2500	NA	M8FOSA	12000	806612.995241614	NA	1472585.91896663	GC	No Idea	None	21907.6944356771
G1+CC CC12_Nov.1	110119	Perfluoropentanamide	DTXSID70366226	916	CC	1	110119	1500	NA	M8FOSA	12000	502328.342325519	NA	592913.343749087	GC	No Idea	None	14163.9631402251
G1+CC CC11_Nov.1	110119	Perfluoropentanamide	DTXSID70366226	916	CC	1	110119	800	NA	M8FOSA	12000	490914.95083847	NA	316915.522299593	GC	No Idea	None	7746.73140652921
G1+CC CC10_Nov.1	110119	Perfluoropentanamide	DTXSID70366226	916	CC	1	110119	500	NA	M8FOSA	12000	466273.862166758	NA	187158.838915796	GC	No Idea	None	4816.71019806452
G1+CC CC9_Nov.1	110119	Perfluoropentanamide	DTXSID70366226	916	CC	1	110119	350	NA	M8FOSA	12000	661570.089159612	NA	180388.459797517	GC	No Idea	None	3272.00632712999
G1+CC CC8_Nov.1	110119	Perfluoropentanamide	DTXSID70366226	916	CC	1	110119	200	NA	M8FOSA	12000	666250.301253633	NA	105894.538399844	GC	No Idea	None	1907.29288738344
G1+CC CC7_Nov.1	110119	Perfluoropentanamide	DTXSID70366226	916	CC	1	110119	125	NA	M8FOSA	12000	638508.321968056	NA	57651.9655802217	GC	No Idea	None	1083.49971826565
G1+CC CC6_Nov.1	110119	Perfluoropentanamide	DTXSID70366226	916	CC	1	110119	80	NA	M8FOSA	12000	520215.185952823	NA	30180.0500735941	GC	No Idea	None	696.174603630223
G1+CC CC5_Nov.1	110119	Perfluoropentanamide	DTXSID70366226	916	CC	1	110119	50	NA	M8FOSA	12000	492925.411870879	NA	18986.5356147149	GC	No Idea	None	462.216842324738
G1+CC CC4_Nov.1	110119	Perfluoropentanamide	DTXSID70366226	916	CC	1	110119	30	NA	M8FOSA	12000	539380.155110103	NA	11602.209241759	GC	No Idea	None	258.123161525451
G1+CC CC3_Nov.1	110119	Perfluoropentanamide	DTXSID70366226	916	CC	1	110119	20	NA	M8FOSA	12000	738431.646926533	NA	11532.5949989955	GC	No Idea	None	187.412254829477
G1+CC CC2_Nov.1	110119	Perfluoropentanamide	DTXSID70366226	916	CC	1	110119	12	NA	M8FOSA	12000	674192.904797905	NA	5239.57258512358	GC	No Idea	None	93.259467096187
G1+CC CC1_Nov.1	110119	Perfluoropentanamide	DTXSID70366226	916	CC	1	110119	7	NA	M8FOSA	12000	487911.522057426	NA	3627.60822265836	GC	No Idea	None	89.2196570565448
UCG1 AF S2A1009_SE 11/1	110119	Perfluoropentanamide	DTXSID70366226	916	AF	2	110119	NA	NA	M8FOSA	12000	342982.861138131	1	469936.604719202	GC	No Idea	None	16441.7523310569
UCG1 AF S2B1009_SE 11/1	110119	Perfluoropentanamide	DTXSID70366226	916	AF	2	110119	NA	NA	M8FOSA	12000	360946.032182015	1	451840.453201335	GC	No Idea	None	15021.8729532447
UCG1 T5 S2A1009_SE 11/1	110119	Perfluoropentanamide	DTXSID70366226	916	T5	10	110119	NA	NA	M8FOSA	12000	408263.741791297	1	168510.813426651	GC	No Idea	None	4952.99864800024
UCG1 T5 S2B1009_SE 11/1	110119	Perfluoropentanamide	DTXSID70366226	916	T5	10	110119	NA	NA	M8FOSA	12000	369058.965847727	1	161011.729998726	GC	No Idea	None	5235.31722240264
UCG1 T5 S2B1009_SE 11/1b	110119	Perfluoropentanamide	DTXSID70366226	916	T5	10	110119	NA	NA	M8FOSA	12000	363600.906455345	1	176284.436659016	GC	No Idea	None	5817.95370240089
UCG1 T5 S2C1009_SE 11/1	110119	Perfluoropentanamide	DTXSID70366226	916	T5	10	110119	NA	NA	M8FOSA	12000	614730.479725559	1	251906.635888172	GC	No Idea	None	4917.40645755454
UCG1 T1 S2A1009_SE 11/1	110119	Perfluoropentanamide	DTXSID70366226	916	T1	10	110119	NA	10000	M8FOSA	12000	564324.067768851	1	222152.348994094	GC	No Idea	None	4723.9314078326
UCG1 T1 S2B1009_SE 11/1	110119	Perfluoropentanamide	DTXSID70366226	916	T1	10	110119	NA	10000	M8FOSA	12000	366161.160934636	1	173197.727785067	GC	No Idea	None	5676.11465977359
UCG1 T1 S2C1009_SE 11/1	110119	Perfluoropentanamide	DTXSID70366226	916	T1	10	110119	NA	10000	M8FOSA	12000	360011.242246247	1	163184.769278641	GC	No Idea	None	5439.32244761478
CC5	121019	Perfluoropentanamide	DTXSID70366226	916	CC	1	121019	50	NA	M8FOSA	12000	899085.733579434	NA	26494.6672676936	GC	No Idea	None	353.62145715132
CC6	121019	Perfluoropentanamide	DTXSID70366226	916	CC	1	121019	80	NA	M8FOSA	12000	865646.067016464	NA	42225.7558452681	GC	No Idea	None	585.353632911013
CC7	121019	Perfluoropentanamide	DTXSID70366226	916	CC	1	121019	125	NA	M8FOSA	12000	1022186.20361169	NA	79692.1787806263	GC	No Idea	None	935.549845995377
CC8	121019	Perfluoropentanamide	DTXSID70366226	916	CC	1	121019	200	NA	M8FOSA	12000	982984.492203604	NA	114342.05442194	GC	No Idea	None	1395.85584914709
CC10	121019	Perfluoropentanamide	DTXSID70366226	916	CC	1	121019	500	NA	M8FOSA	12000	961857.372521327	NA	324097.209504395	GC	No Idea	None	4043.39211317581
CC11	121019	Perfluoropentanamide	DTXSID70366226	916	CC	1	121019	800	NA	M8FOSA	12000	1028974.66958729	NA	532730.591864274	GC	No Idea	None	6212.7545908738
CC14	121019	Perfluoropentanamide	DTXSID70366226	916	CC	1	121019	3500	NA	M8FOSA	12000	358670.30964993	NA	877728.901497054	GC	No Idea	None	29366.0962019545
CC15	121019	Perfluoropentanamide	DTXSID70366226	916	CC	1	121019	5000	NA	M8FOSA	12000	481460.781599355	NA	1582065.89875363	GC	No Idea	None	39431.6453397894
UC1206_S3bT1	121019	Perfluoropentanamide	DTXSID70366226	916	T1	10	121019	NA	10000	M8FOSA	12000	1053516.20399953	1	495187.545051998	GC	No Idea	None	5640.39785820573
UC1206_S3cAF	121019	Perfluoropentanamide	DTXSID70366226	916	AF	2	121019	NA	NA	M8FOSA	12000	824306.218309001	1	880671.420584913	GC	No Idea	None	12820.5475250429
UC1206_S3aAF	121019	Perfluoropentanamide	DTXSID70366226	916	AF	2	121019	NA	NA	M8FOSA	12000	937909.446677008	1	946110.348634507	GC	No Idea	None	12104.9257194697
UC1206_S3aT1	121019	Perfluoropentanamide	DTXSID70366226	916	T1	10	121019	NA	10000	M8FOSA	12000	928772.396818133	1	438160.337379055	GC	No Idea	None	5661.1545159629
UC1206_S3aT1_dup	121019	Perfluoropentanamide	DTXSID70366226	916	T1	10	121019	NA	10000	M8FOSA	12000	914018.486033915	1	451547.648230532	GC	No Idea	None	5928.29561060467
UC1206_S3bAF	121019	Perfluoropentanamide	DTXSID70366226	916	AF	2	121019	NA	NA	M8FOSA	12000	940399.919316427	1	909879.519626429	GC	No Idea	None	11610.5435690103
UC1206_S3aT5	121019	Perfluoropentanamide	DTXSID70366226	916	T5	10	121019	NA	NA	M8FOSA	12000	697408.811674399	1	314743.919131245	GC	No Idea	None	5415.65716743235
UC1206_S3bT5	121019	Perfluoropentanamide	DTXSID70366226	916	T5	10	121019	NA	NA	M8FOSA	12000	449560.95919058	1	219861.750319034	GC	No Idea	None	5868.70578926305
UC1206_S3bT5_dup	121019	Perfluoropentanamide	DTXSID70366226	916	T5	10	121019	NA	NA	M8FOSA	12000	445211.621128242	1	221934.737121431	GC	No Idea	None	5981.91223919117
UC1206_S3cT1	121019	Perfluoropentanamide	DTXSID70366226	916	T1	10	121019	NA	10000	M8FOSA	12000	878010.105440479	1	488379.816079212	GC	No Idea	None	6674.81815600565
UC1206_S3cT5	121019	Perfluoropentanamide	DTXSID70366226	916	T5	10	121019	NA	NA	M8FOSA	12000	709812.934347877	1	296577.990669231	GC	No Idea	None	5013.9067855962
UCG1CC1_8/13/2019_SE 10/15	102919	Octafluoroadipamide	DTXSID80310730	923	CC	1	102919	7	NA	M8FOSA	12000	719040.090268082	NA	0	GC	No Idea	None	0
UCG1CC2_8/13/2019_SE 10/15	102919	Octafluoroadipamide	DTXSID80310730	923	CC	1	102919	12	NA	M8FOSA	12000	861470.252599102	NA	0	GC	No Idea	None	0
UCG1CC3_8/13/2019_SE 10/15	102919	Octafluoroadipamide	DTXSID80310730	923	CC	1	102919	20	NA	M8FOSA	12000	991314.362762543	NA	2085.89992727268	GC	No Idea	None	25.2501124441672
UCG1CC4_8/13/2019_SE 10/15	102919	Octafluoroadipamide	DTXSID80310730	923	CC	1	102919	30	NA	M8FOSA	12000	736972.478126826	NA	2255.55524252318	GC	No Idea	None	36.7268299883788
UCG1CC5_8/13/2019_SE 10/15	102919	Octafluoroadipamide	DTXSID80310730	923	CC	1	102919	50	NA	M8FOSA	12000	616224.248196656	NA	4371.18874266148	GC	No Idea	None	85.1220396883798
UCG1CC6_8/13/2019_SE 10/15	102919	Octafluoroadipamide	DTXSID80310730	923	CC	1	102919	80	NA	M8FOSA	12000	899969.580618592	NA	13440.6263354975	GC	No Idea	None	179.214408463794
UCG1CC7_8/13/2019_SE 10/15	102919	Octafluoroadipamide	DTXSID80310730	923	CC	1	102919	125	NA	M8FOSA	12000	883037.986426753	NA	18243.3717679974	GC	No Idea	None	247.917376807128
UCG1CC8_8/13/2019_SE 10/15	102919	Octafluoroadipamide	DTXSID80310730	923	CC	1	102919	200	NA	M8FOSA	12000	918992.539198177	NA	19629.9628201861	GC	No Idea	None	256.323684681662
UCG1CC9_8/13/2019_SE 10/15	102919	Octafluoroadipamide	DTXSID80310730	923	CC	1	102919	350	NA	M8FOSA	12000	698555.828425027	NA	30547.5545790556	GC	No Idea	None	524.754987407581
UCG1CC10_8/13/2019_SE 10/15	102919	Octafluoroadipamide	DTXSID80310730	923	CC	1	102919	500	NA	M8FOSA	12000	1001276.02619765	NA	87226.0026872371	GC	No Idea	None	1045.37810240173
UCG1CC11_8/13/2019_SE 10/15	102919	Octafluoroadipamide	DTXSID80310730	923	CC	1	102919	800	NA	M8FOSA	12000	580929.120682293	NA	73253.2349410682	GC	No Idea	None	1513.16019114415
UCG1CC12_8/13/2019_SE 10/15	102919	Octafluoroadipamide	DTXSID80310730	923	CC	1	102919	1500	NA	M8FOSA	12000	757185.915240694	NA	174199.88371505	GC	No Idea	None	2760.74681594692
UCG1CC13_8/13/2019_SE 10/15	102919	Octafluoroadipamide	DTXSID80310730	923	CC	1	102919	2500	NA	M8FOSA	12000	913163.800935038	NA	246645.047023069	GC	No Idea	None	3241.19348713362
UCG1CC14_8/13/2019_SE 10/15	102919	Octafluoroadipamide	DTXSID80310730	923	CC	1	102919	3500	NA	M8FOSA	12000	653338.047533619	NA	344956.483451832	GC	No Idea	None	6335.88969301375
UCG1CC15_8/13/2019_SE 10/15	102919	Octafluoroadipamide	DTXSID80310730	923	CC	1	102919	5000	NA	M8FOSA	12000	608647.334075814	NA	402813.998098771	GC	No Idea	None	7941.82066783381
UCG1T1hS2B_SE 10/11	102919	Octafluoroadipamide	DTXSID80310730	923	T1	10	102919	NA	10000	M8FOSA	12000	634966.253062021	1	33855.8411241947	GC	No Idea	None	639.829426416231
UCG1T1hS2C_SE 10/11	102919	Octafluoroadipamide	DTXSID80310730	923	T1	10	102919	NA	10000	M8FOSA	12000	782386.932214928	1	47256.3023183919	GC	No Idea	None	724.802018632032
UCG1T5hS2A_SE 10/11	102919	Octafluoroadipamide	DTXSID80310730	923	T5	10	102919	NA	NA	M8FOSA	12000	818523.267817426	1	42125.7140529592	GC	No Idea	None	617.586070562707
UCG1T5hS2C_SE 10/11	102919	Octafluoroadipamide	DTXSID80310730	923	T5	10	102919	NA	NA	M8FOSA	12000	816873.315844817	1	35235.8127220202	GC	No Idea	None	517.619739147616
UCG1T1hS2A_SE 10/11	102919	Octafluoroadipamide	DTXSID80310730	923	T1	10	102919	NA	10000	M8FOSA	12000	688971.13675514	1	27205.8449116388	GC	No Idea	None	473.851692071235
UCG1AFS2B_SE 10/11	102919	Octafluoroadipamide	DTXSID80310730	923	AF	2	102919	NA	NA	M8FOSA	12000	715807.703056553	1	110438.604451491	GC	No Idea	None	1851.42357054683
UCG1T5hS2B_SE 10/11	102919	Octafluoroadipamide	DTXSID80310730	923	T5	10	102919	NA	NA	M8FOSA	12000	743496.337512432	1	36262.6329492423	GC	No Idea	None	585.277389323564
UCG1AFS2A_SE 10/11	102919	Octafluoroadipamide	DTXSID80310730	923	AF	2	102919	NA	NA	M8FOSA	12000	519504.803528922	1	93471.7477548503	GC	No Idea	None	2159.09644230221
UCG1CC13_8/13/2019_SE 10/15	102919	Octafluoroadipamide	DTXSID80310730	923	CC	1	102919	2500	NA	M8FOSA	12000	953139.907500026	NA	263304.694153399	GC	No Idea	None	3314.99741536182
G1+CC CC15_Nov.1	110119	Octafluoroadipamide	DTXSID80310730	923	CC	1	110119	5000	NA	M8FOSA	12000	614375.897015339	NA	374400.619607269	GC	No Idea	None	7312.79898367344
G1+CC CC14_Nov.1	110119	Octafluoroadipamide	DTXSID80310730	923	CC	1	110119	3500	NA	M8FOSA	12000	703329.148982996	NA	280332.533294079	GC	No Idea	None	4782.95319395369
G1+CC CC13_Nov.1	110119	Octafluoroadipamide	DTXSID80310730	923	CC	1	110119	2500	NA	M8FOSA	12000	806612.995241614	NA	262510.629654218	GC	No Idea	None	3905.37664832318
G1+CC CC12_Nov.1	110119	Octafluoroadipamide	DTXSID80310730	923	CC	1	110119	1500	NA	M8FOSA	12000	502328.342325519	NA	76085.8268111571	GC	No Idea	None	1817.59587266574
G1+CC CC11_Nov.1	110119	Octafluoroadipamide	DTXSID80310730	923	CC	1	110119	800	NA	M8FOSA	12000	490914.95083847	NA	55287.1182969315	GC	No Idea	None	1351.44675962716
G1+CC CC10_Nov.1	110119	Octafluoroadipamide	DTXSID80310730	923	CC	1	110119	500	NA	M8FOSA	12000	466273.862166758	NA	24023.3392950205	GC	No Idea	None	618.263417555981
G1+CC CC9_Nov.1	110119	Octafluoroadipamide	DTXSID80310730	923	CC	1	110119	350	NA	M8FOSA	12000	661570.089159612	NA	29134.182401697	GC	No Idea	None	528.455252964159
G1+CC CC8_Nov.1	110119	Octafluoroadipamide	DTXSID80310730	923	CC	1	110119	200	NA	M8FOSA	12000	666250.301253633	NA	14390.7049280015	GC	No Idea	None	259.194568184184
G1+CC CC7_Nov.1	110119	Octafluoroadipamide	DTXSID80310730	923	CC	1	110119	125	NA	M8FOSA	12000	638508.321968056	NA	7502.22333306923	GC	No Idea	None	140.99531188465
G1+CC CC6_Nov.1	110119	Octafluoroadipamide	DTXSID80310730	923	CC	1	110119	80	NA	M8FOSA	12000	520215.185952823	NA	3720.71164277805	GC	No Idea	None	85.8270594918497
G1+CC CC5_Nov.1	110119	Octafluoroadipamide	DTXSID80310730	923	CC	1	110119	50	NA	M8FOSA	12000	492925.411870879	NA	3779.88545344555	GC	No Idea	None	92.0192474337846
G1+CC CC4_Nov.1	110119	Octafluoroadipamide	DTXSID80310730	923	CC	1	110119	30	NA	M8FOSA	12000	539380.155110103	NA	2371.73487738205	GC	No Idea	None	52.7657872818382
G1+CC CC3_Nov.1	110119	Octafluoroadipamide	DTXSID80310730	923	CC	1	110119	20	NA	M8FOSA	12000	738431.646926533	NA	1289.97285962252	GC	No Idea	None	20.9629075079583
G1+CC CC2_Nov.1	110119	Octafluoroadipamide	DTXSID80310730	923	CC	1	110119	12	NA	M8FOSA	12000	674192.904797905	NA	980.555103533075	GC	No Idea	None	17.4529591733453
G1+CC CC1_Nov.1	110119	Octafluoroadipamide	DTXSID80310730	923	CC	1	110119	7	NA	M8FOSA	12000	487911.522057426	NA	0	GC	No Idea	None	0
UCG1 AF S2A1009_SE 11/1	110119	Octafluoroadipamide	DTXSID80310730	923	AF	2	110119	NA	NA	M8FOSA	12000	342982.861138131	1	113030.351680646	GC	No Idea	None	3954.61223825262
UCG1 AF S2B1009_SE 11/1	110119	Octafluoroadipamide	DTXSID80310730	923	AF	2	110119	NA	NA	M8FOSA	12000	360946.032182015	1	100877.880773968	GC	No Idea	None	3353.78273025918
UCG1 T5 S2A1009_SE 11/1	110119	Octafluoroadipamide	DTXSID80310730	923	T5	10	110119	NA	NA	M8FOSA	12000	408263.741791297	1	28638.3171424018	GC	No Idea	None	841.759310295302
UCG1 T5 S2B1009_SE 11/1	110119	Octafluoroadipamide	DTXSID80310730	923	T5	10	110119	NA	NA	M8FOSA	12000	369058.965847727	1	24135.6562790405	GC	No Idea	None	784.773985054697
UCG1 T5 S2B1009_SE 11/1b	110119	Octafluoroadipamide	DTXSID80310730	923	T5	10	110119	NA	NA	M8FOSA	12000	363600.906455345	1	21985.3671981953	GC	No Idea	None	725.587867616454
UCG1 T5 S2C1009_SE 11/1	110119	Octafluoroadipamide	DTXSID80310730	923	T5	10	110119	NA	NA	M8FOSA	12000	614730.479725559	1	37338.6786232782	GC	No Idea	None	728.879010000241
UCG1 T1 S2A1009_SE 11/1	110119	Octafluoroadipamide	DTXSID80310730	923	T1	10	110119	NA	10000	M8FOSA	12000	564324.067768851	1	27651.1346791795	GC	No Idea	None	587.984165662178
UCG1 T1 S2B1009_SE 11/1	110119	Octafluoroadipamide	DTXSID80310730	923	T1	10	110119	NA	10000	M8FOSA	12000	366161.160934636	1	22190.877253228	GC	No Idea	None	727.249515920865
UCG1 T1 S2C1009_SE 11/1	110119	Octafluoroadipamide	DTXSID80310730	923	T1	10	110119	NA	10000	M8FOSA	12000	360011.242246247	1	21353.2721902869	GC	No Idea	None	711.753512708849
CC5	121019	Octafluoroadipamide	DTXSID80310730	923	CC	1	121019	50	NA	M8FOSA	12000	899085.733579434	NA	3280.47335356013	GC	No Idea	None	43.7841228844764
CC6	121019	Octafluoroadipamide	DTXSID80310730	923	CC	1	121019	80	NA	M8FOSA	12000	865646.067016464	NA	4595.43280544104	GC	No Idea	None	63.704088502771
CC7	121019	Octafluoroadipamide	DTXSID80310730	923	CC	1	121019	125	NA	M8FOSA	12000	1022186.20361169	NA	10355.7322124465	GC	No Idea	None	121.571574836639
CC8	121019	Octafluoroadipamide	DTXSID80310730	923	CC	1	121019	200	NA	M8FOSA	12000	982984.492203604	NA	17696.9953737241	GC	No Idea	None	216.039974352619
CC10	121019	Octafluoroadipamide	DTXSID80310730	923	CC	1	121019	500	NA	M8FOSA	12000	961857.372521327	NA	50811.8842582872	GC	No Idea	None	633.922064246513
CC11	121019	Octafluoroadipamide	DTXSID80310730	923	CC	1	121019	800	NA	M8FOSA	12000	1028974.66958729	NA	85080.4330967219	GC	No Idea	None	992.216064531657
CC14	121019	Octafluoroadipamide	DTXSID80310730	923	CC	1	121019	3500	NA	M8FOSA	12000	358670.30964993	NA	144397.276440082	GC	No Idea	None	4831.08657355052
CC15	121019	Octafluoroadipamide	DTXSID80310730	923	CC	1	121019	5000	NA	M8FOSA	12000	481460.781599355	NA	248114.601376273	GC	No Idea	None	6184.04516069781
UC1206_S3bT1	121019	Octafluoroadipamide	DTXSID80310730	923	T1	10	121019	NA	10000	M8FOSA	12000	1053516.20399953	1	87807.9035771826	GC	No Idea	None	1000.16956447939
UC1206_S3cAF	121019	Octafluoroadipamide	DTXSID80310730	923	AF	2	121019	NA	NA	M8FOSA	12000	824306.218309001	1	165774.558822976	GC	No Idea	None	2413.29576520312
UC1206_S3aAF	121019	Octafluoroadipamide	DTXSID80310730	923	AF	2	121019	NA	NA	M8FOSA	12000	937909.446677008	1	232116.018000972	GC	No Idea	None	2969.787995931
UC1206_S3aT1	121019	Octafluoroadipamide	DTXSID80310730	923	T1	10	121019	NA	10000	M8FOSA	12000	928772.396818133	1	73508.5583151598	GC	No Idea	None	949.751201482623
UC1206_S3aT1_dup	121019	Octafluoroadipamide	DTXSID80310730	923	T1	10	121019	NA	10000	M8FOSA	12000	914018.486033915	1	78266.293620772	GC	No Idea	None	1027.54543567778
UC1206_S3bAF	121019	Octafluoroadipamide	DTXSID80310730	923	AF	2	121019	NA	NA	M8FOSA	12000	940399.919316427	1	201108.217562752	GC	No Idea	None	2566.2471478169
UC1206_S3aT5	121019	Octafluoroadipamide	DTXSID80310730	923	T5	10	121019	NA	NA	M8FOSA	12000	697408.811674399	1	33951.0775615667	GC	No Idea	None	584.180933648728
UC1206_S3bT5	121019	Octafluoroadipamide	DTXSID80310730	923	T5	10	121019	NA	NA	M8FOSA	12000	449560.95919058	1	20357.9782475826	GC	No Idea	None	543.409595465847
UC1206_S3bT5_dup	121019	Octafluoroadipamide	DTXSID80310730	923	T5	10	121019	NA	NA	M8FOSA	12000	445211.621128242	1	25897.587369944	GC	No Idea	None	698.029956297595
UC1206_S3cT1	121019	Octafluoroadipamide	DTXSID80310730	923	T1	10	121019	NA	10000	M8FOSA	12000	878010.105440479	1	55532.1208624171	GC	No Idea	None	758.972415260179
UC1206_S3cT5	121019	Octafluoroadipamide	DTXSID80310730	923	T5	10	121019	NA	NA	M8FOSA	12000	709812.934347877	1	37642.9771711772	GC	No Idea	None	636.387003104035
UCG1CC1_8/13/2019_SE 10/15	102919	Perfluorooctanamide	DTXSID60195123	3117	CC	1	102919	7	NA	M8FOSA	12000	719040.090268082	NA	1006.35505407385	GC	No Idea	None	16.7949754295115
UCG1CC2_8/13/2019_SE 10/15	102919	Perfluorooctanamide	DTXSID60195123	3117	CC	1	102919	12	NA	M8FOSA	12000	861470.252599102	NA	2637.37792841938	GC	No Idea	None	36.7378154330312
UCG1CC3_8/13/2019_SE 10/15	102919	Perfluorooctanamide	DTXSID60195123	3117	CC	1	102919	20	NA	M8FOSA	12000	991314.362762543	NA	5118.17538785579	GC	No Idea	None	61.9562340276325
UCG1CC4_8/13/2019_SE 10/15	102919	Perfluorooctanamide	DTXSID60195123	3117	CC	1	102919	30	NA	M8FOSA	12000	736972.478126826	NA	4694.67006130507	GC	No Idea	None	76.4425299555975
UCG1CC5_8/13/2019_SE 10/15	102919	Perfluorooctanamide	DTXSID60195123	3117	CC	1	102919	50	NA	M8FOSA	12000	616224.248196656	NA	9334.20283244429	GC	No Idea	None	181.768949075152
UCG1CC6_8/13/2019_SE 10/15	102919	Perfluorooctanamide	DTXSID60195123	3117	CC	1	102919	80	NA	M8FOSA	12000	899969.580618592	NA	20922.4723180587	GC	No Idea	None	278.975726761934
UCG1CC7_8/13/2019_SE 10/15	102919	Perfluorooctanamide	DTXSID60195123	3117	CC	1	102919	125	NA	M8FOSA	12000	883037.986426753	NA	22548.6026451162	GC	No Idea	None	306.423093797267
UCG1CC8_8/13/2019_SE 10/15	102919	Perfluorooctanamide	DTXSID60195123	3117	CC	1	102919	200	NA	M8FOSA	12000	918992.539198177	NA	34001.038373453	GC	No Idea	None	443.977990112333
UCG1CC9_8/13/2019_SE 10/15	102919	Perfluorooctanamide	DTXSID60195123	3117	CC	1	102919	350	NA	M8FOSA	12000	698555.828425027	NA	56001.3510842065	GC	No Idea	None	962.007882069518
UCG1CC10_8/13/2019_SE 10/15	102919	Perfluorooctanamide	DTXSID60195123	3117	CC	1	102919	500	NA	M8FOSA	12000	1001276.02619765	NA	112100.664169769	GC	No Idea	None	1343.49363696009
UCG1CC11_8/13/2019_SE 10/15	102919	Perfluorooctanamide	DTXSID60195123	3117	CC	1	102919	800	NA	M8FOSA	12000	580929.120682293	NA	98841.2330323315	GC	No Idea	None	2041.72033069185
UCG1CC12_8/13/2019_SE 10/15	102919	Perfluorooctanamide	DTXSID60195123	3117	CC	1	102919	1500	NA	M8FOSA	12000	757185.915240694	NA	260086.735589136	GC	No Idea	None	4121.89498543104
UCG1CC13_8/13/2019_SE 10/15	102919	Perfluorooctanamide	DTXSID60195123	3117	CC	1	102919	2500	NA	M8FOSA	12000	913163.800935038	NA	457762.007154057	GC	No Idea	None	6015.50792992884
UCG1CC14_8/13/2019_SE 10/15	102919	Perfluorooctanamide	DTXSID60195123	3117	CC	1	102919	3500	NA	M8FOSA	12000	653338.047533619	NA	542206.254611633	GC	No Idea	None	9958.81853184862
UCG1CC15_8/13/2019_SE 10/15	102919	Perfluorooctanamide	DTXSID60195123	3117	CC	1	102919	5000	NA	M8FOSA	12000	608647.334075814	NA	749124.555023174	GC	No Idea	None	14769.627922429
UCG1T1hS3A_SE 10/11	102919	Perfluorooctanamide	DTXSID60195123	3117	T1	10	102919	NA	10000	M8FOSA	12000	749514.252284456	1	138537.31713453	GC	No Idea	None	2218.03361383371
UCG1T1hS3B_SE 10/11	102919	Perfluorooctanamide	DTXSID60195123	3117	T1	10	102919	NA	10000	M8FOSA	12000	434357.295106504	1	114851.042481118	GC	No Idea	None	3172.99266134227
UCG1T5hS3B_SE 10/11	102919	Perfluorooctanamide	DTXSID60195123	3117	T5	10	102919	NA	NA	M8FOSA	12000	843178.260362155	1	135127.408416621	GC	No Idea	None	1923.11516701461
UCG1T5hS3C_SE 10/11	102919	Perfluorooctanamide	DTXSID60195123	3117	T5	10	102919	NA	NA	M8FOSA	12000	571516.040530839	1	91160.2875201605	GC	No Idea	None	1914.07304898365
UCG1AFS3A_SE 10/11	102919	Perfluorooctanamide	DTXSID60195123	3117	AF	2	102919	NA	NA	M8FOSA	12000	577462.22163418	1	11680.6053131833	GC	No Idea	None	242.729755310288
UCG1AFS3B_SE 10/11	102919	Perfluorooctanamide	DTXSID60195123	3117	AF	2	102919	NA	NA	M8FOSA	12000	517009.41954613	1	11732.103226514	GC	No Idea	None	272.3069123997
UCG1T5hS3A_SE 10/11	102919	Perfluorooctanamide	DTXSID60195123	3117	T5	10	102919	NA	NA	M8FOSA	12000	826905.014262622	1	163784.758506115	GC	No Idea	None	2376.83539000668
UCG1T1hS3C_SE 10/11	102919	Perfluorooctanamide	DTXSID60195123	3117	T1	10	102919	NA	10000	M8FOSA	12000	627458.8341323	1	120979.905537535	GC	No Idea	None	2313.71173291078
UCG1AFS3C_SE 10/11	102919	Perfluorooctanamide	DTXSID60195123	3117	AF	2	102919	NA	NA	M8FOSA	12000	545678.09393192	1	12963.0097877467	GC	No Idea	None	285.069382815224
UCG1CC13_8/13/2019_SE 10/15	102919	Perfluorooctanamide	DTXSID60195123	3117	CC	1	102919	2500	NA	M8FOSA	12000	953139.907500026	NA	483413.713797444	GC	No Idea	None	6086.16271328369
CC5	121019	Perfluorooctanamide	DTXSID60195123	3117	CC	1	121019	50	NA	M8FOSA	12000	899085.733579434	NA	10962.9789939059	GC	No Idea	None	146.321694376266
CC6	121019	Perfluorooctanamide	DTXSID60195123	3117	CC	1	121019	80	NA	M8FOSA	12000	865646.067016464	NA	17467.3028759042	GC	No Idea	None	242.14011071902
CC7	121019	Perfluorooctanamide	DTXSID60195123	3117	CC	1	121019	125	NA	M8FOSA	12000	1022186.20361169	NA	26536.6044513533	GC	No Idea	None	311.52763781305
CC8	121019	Perfluorooctanamide	DTXSID60195123	3117	CC	1	121019	200	NA	M8FOSA	12000	982984.492203604	NA	40379.0409448277	GC	No Idea	None	492.936048514556
CC10	121019	Perfluorooctanamide	DTXSID60195123	3117	CC	1	121019	500	NA	M8FOSA	12000	961857.372521327	NA	106195.094472952	GC	No Idea	None	1324.87536102674
CC11	121019	Perfluorooctanamide	DTXSID60195123	3117	CC	1	121019	800	NA	M8FOSA	12000	1028974.66958729	NA	207854.732709866	GC	No Idea	None	2424.02156849868
CC14	121019	Perfluorooctanamide	DTXSID60195123	3117	CC	1	121019	3500	NA	M8FOSA	12000	358670.30964993	NA	340217.18727069	GC	No Idea	None	11382.6155592109
CC15	121019	Perfluorooctanamide	DTXSID60195123	3117	CC	1	121019	5000	NA	M8FOSA	12000	481460.781599355	NA	665791.407078318	GC	No Idea	None	16594.2838758323
UC1206_S3bT1	121019	Perfluorooctanamide	DTXSID60195123	3117	T1	10	121019	NA	10000	M8FOSA	12000	1053516.20399953	1	153663.387222872	GC	No Idea	None	1750.2916800654
UC1206_S3cAF	121019	Perfluorooctanamide	DTXSID60195123	3117	AF	2	121019	NA	NA	M8FOSA	12000	824306.218309001	1	16527.097882557	GC	No Idea	None	240.59648002842
UC1206_S3aAF	121019	Perfluorooctanamide	DTXSID60195123	3117	AF	2	121019	NA	NA	M8FOSA	12000	937909.446677008	1	15297.0462367592	GC	No Idea	None	195.716713901833
UC1206_S3aT1	121019	Perfluorooctanamide	DTXSID60195123	3117	T1	10	121019	NA	10000	M8FOSA	12000	928772.396818133	1	169880.421520017	GC	No Idea	None	2194.90271806537
UC1206_S3aT1_dup	121019	Perfluorooctanamide	DTXSID60195123	3117	T1	10	121019	NA	10000	M8FOSA	12000	914018.486033915	1	168117.536647501	GC	No Idea	None	2207.1877873323
UC1206_S3bAF	121019	Perfluorooctanamide	DTXSID60195123	3117	AF	2	121019	NA	NA	M8FOSA	12000	940399.919316427	1	19252.6371761067	GC	No Idea	None	245.673825962487
UC1206_S3aT5	121019	Perfluorooctanamide	DTXSID60195123	3117	T5	10	121019	NA	NA	M8FOSA	12000	697408.811674399	1	96476.9489464577	GC	No Idea	None	1660.03550281782
UC1206_S3bT5	121019	Perfluorooctanamide	DTXSID60195123	3117	T5	10	121019	NA	NA	M8FOSA	12000	449560.95919058	1	67388.5699422936	GC	No Idea	None	1798.78350816649
UC1206_S3bT5_dup	121019	Perfluorooctanamide	DTXSID60195123	3117	T5	10	121019	NA	NA	M8FOSA	12000	445211.621128242	1	78251.483889386	GC	No Idea	None	2109.14936203372
UC1206_S3cT1	121019	Perfluorooctanamide	DTXSID60195123	3117	T1	10	121019	NA	10000	M8FOSA	12000	878010.105440479	1	149200.071916142	GC	No Idea	None	2039.15746743655
UC1206_S3cT5	121019	Perfluorooctanamide	DTXSID60195123	3117	T5	10	121019	NA	NA	M8FOSA	12000	709812.934347877	1	80848.825918428	GC	No Idea	None	1366.8191492065
